Timestamp,Class,Confidence,X1,Y1,X2,Y2
2026-08-22 00:11:42.909,person,0.84,63,0,639,478
2026-08-22 00:11:42.975,person,0.84,57,0,639,479
2026-08-22 00:11:43.032,person,0.84,57,0,639,479
2026-08-22 00:11:43.093,person,0.82,62,0,640,478
2026-08-22 00:11:43.155,person,0.82,62,0,640,478
2026-08-22 00:11:43.218,person,0.84,62,0,640,478
2026-08-22 00:11:43.278,person,0.79,55,0,639,479
2026-08-22 00:11:43.342,person,0.79,55,0,639,479
2026-08-22 00:11:43.408,person,0.80,55,1,639,478
2026-08-22 00:11:43.470,person,0.82,60,0,639,478
2026-08-22 00:11:43.532,person,0.83,58,0,639,479
2026-08-22 00:11:43.595,person,0.80,60,0,639,479
2026-08-22 00:11:43.596,person,0.35,222,9,627,479
2026-08-22 00:11:43.665,person,0.81,56,0,636,478
2026-08-22 00:11:43.732,person,0.81,56,0,636,478
2026-08-22 00:11:43.794,person,0.81,56,0,636,478
2026-08-22 00:11:43.853,person,0.78,63,0,640,478
2026-08-22 00:11:43.911,person,0.66,63,0,639,478
2026-08-22 00:11:43.978,person,0.66,63,0,639,478
2026-08-22 00:11:44.039,person,0.73,56,0,636,478
2026-08-22 00:11:44.101,person,0.52,222,0,639,479
2026-08-22 00:11:44.158,person,0.52,222,0,639,479
2026-08-22 00:11:44.222,person,0.52,61,0,635,479
2026-08-22 00:11:44.222,person,0.33,243,0,639,479
2026-08-22 00:11:44.285,person,0.57,220,0,637,480
2026-08-22 00:11:44.285,person,0.51,45,0,635,479
2026-08-22 00:11:44.349,person,0.64,214,0,639,479
2026-08-22 00:11:44.413,person,0.64,214,0,639,479
2026-08-22 00:11:44.474,person,0.61,205,0,639,478
2026-08-22 00:11:44.536,person,0.74,214,0,640,479
2026-08-22 00:11:44.607,person,0.74,214,0,640,479
2026-08-22 00:11:44.667,person,0.74,214,0,640,477
2026-08-22 00:11:44.722,person,0.74,210,0,640,479
2026-08-22 00:11:44.786,person,0.74,210,0,640,479
2026-08-22 00:11:44.842,person,0.72,219,4,639,478
2026-08-22 00:11:44.906,person,0.72,219,4,639,478
2026-08-22 00:11:44.974,person,0.68,236,2,639,478
2026-08-22 00:11:44.974,person,0.32,49,0,640,479
2026-08-22 00:11:45.034,person,0.46,242,0,639,477
2026-08-22 00:11:45.096,person,0.48,148,0,637,479
2026-08-22 00:11:45.158,person,0.51,235,2,638,478
2026-08-22 00:11:45.158,person,0.38,60,0,637,479
2026-08-22 00:11:45.223,person,0.51,235,2,638,478
2026-08-22 00:11:45.223,person,0.38,60,0,637,479
2026-08-22 00:11:45.276,person,0.75,66,0,632,478
2026-08-22 00:11:45.342,person,0.77,66,0,638,479
2026-08-22 00:11:45.401,person,0.77,66,0,638,479
2026-08-22 00:11:45.464,person,0.82,64,0,640,479
2026-08-22 00:11:45.525,person,0.82,64,0,640,479
2026-08-22 00:11:45.591,person,0.86,59,4,636,478
2026-08-22 00:11:45.653,person,0.86,59,4,636,478
2026-08-22 00:11:45.718,person,0.84,54,0,633,480
2026-08-22 00:11:45.782,person,0.81,62,3,632,479
2026-08-22 00:11:45.847,person,0.81,62,3,632,479
2026-08-22 00:11:45.916,person,0.83,63,4,627,479
2026-08-22 00:11:45.992,person,0.84,63,1,606,480
2026-08-22 00:11:46.064,person,0.84,63,1,606,480
2026-08-22 00:11:46.132,person,0.86,72,0,635,478
2026-08-22 00:11:46.196,person,0.86,80,0,637,479
2026-08-22 00:11:46.257,person,0.80,76,14,635,478
2026-08-22 00:11:46.326,person,0.78,65,0,624,478
2026-08-22 00:11:46.387,person,0.78,65,0,624,478
2026-08-22 00:11:46.456,person,0.75,79,0,634,478
2026-08-22 00:11:46.529,person,0.75,67,0,633,479
2026-08-22 00:11:46.588,person,0.74,151,1,638,479
2026-08-22 00:11:46.652,person,0.68,65,0,637,478
2026-08-22 00:11:46.712,person,0.68,65,0,637,478
2026-08-22 00:11:46.767,person,0.73,207,0,638,480
2026-08-22 00:11:46.836,person,0.71,184,2,638,480
2026-08-22 00:11:46.897,person,0.71,184,2,638,480
2026-08-22 00:11:46.962,person,0.64,160,1,638,480
2026-08-22 00:11:47.030,person,0.68,213,2,638,480
2026-08-22 00:11:47.103,person,0.67,172,1,638,480
2026-08-22 00:11:47.166,person,0.70,171,1,638,480
2026-08-22 00:11:47.218,person,0.70,171,1,638,480
2026-08-22 00:11:47.289,person,0.62,184,2,638,480
2026-08-22 00:11:47.351,person,0.62,184,2,638,480
2026-08-22 00:11:47.408,person,0.73,202,3,638,480
2026-08-22 00:11:47.470,person,0.72,200,3,639,480
2026-08-22 00:11:47.545,person,0.72,200,3,639,480
2026-08-22 00:11:47.617,person,0.75,213,4,638,480
2026-08-22 00:11:47.677,person,0.73,182,4,638,480
2026-08-22 00:11:47.740,person,0.73,182,4,638,480
2026-08-22 00:11:48.009,person,0.71,197,3,639,480
2026-08-22 00:11:48.067,person,0.68,173,3,638,480
2026-08-22 00:11:48.130,person,0.69,189,3,638,480
2026-08-22 00:11:48.186,person,0.69,189,3,638,480
2026-08-22 00:11:48.243,person,0.67,197,5,638,479
2026-08-22 00:11:48.302,person,0.73,207,5,638,480
2026-08-22 00:11:48.368,person,0.71,191,3,638,480
2026-08-22 00:11:48.421,person,0.72,200,4,638,480
2026-08-22 00:11:48.498,person,0.71,171,4,638,480
2026-08-22 00:11:48.559,person,0.71,171,4,638,480
2026-08-22 00:11:48.623,person,0.71,171,4,638,480
2026-08-22 00:11:48.683,person,0.75,190,6,638,480
2026-08-22 00:11:48.741,person,0.68,178,5,638,480
2026-08-22 00:11:48.795,person,0.68,178,5,638,480
2026-08-22 00:11:48.856,person,0.69,165,4,638,479
2026-08-22 00:11:48.916,person,0.71,99,4,635,479
2026-08-22 00:11:48.977,person,0.71,99,4,635,479
2026-08-22 00:11:49.040,person,0.65,154,2,638,480
2026-08-22 00:11:49.103,person,0.62,182,2,638,480
2026-08-22 00:11:49.165,person,0.70,174,1,638,480
2026-08-22 00:11:49.228,person,0.70,174,1,638,480
2026-08-22 00:11:49.287,person,0.71,164,0,637,479
2026-08-22 00:11:49.351,person,0.74,143,1,637,479
2026-08-22 00:11:49.407,person,0.74,143,1,637,479
2026-08-22 00:11:49.465,person,0.72,154,0,638,480
2026-08-22 00:11:49.522,person,0.72,154,0,638,480
2026-08-22 00:11:49.589,person,0.70,175,2,638,479
2026-08-22 00:11:49.642,person,0.65,186,4,638,480
2026-08-22 00:11:49.713,person,0.65,186,4,638,480
2026-08-22 00:11:49.778,person,0.69,167,3,637,480
2026-08-22 00:11:49.842,person,0.65,168,3,638,480
2026-08-22 00:11:49.901,person,0.71,172,3,637,480
2026-08-22 00:11:49.964,person,0.73,170,3,638,480
2026-08-22 00:11:50.027,person,0.73,170,3,638,480
2026-08-22 00:11:50.109,person,0.72,171,2,638,480
2026-08-22 00:11:50.169,person,0.72,171,2,638,480
2026-08-22 00:11:50.235,person,0.71,188,3,638,480
2026-08-22 00:11:50.305,person,0.69,184,1,637,480
2026-08-22 00:11:50.374,person,0.69,184,1,637,480
2026-08-22 00:11:50.434,person,0.71,192,3,635,480
2026-08-22 00:11:50.510,person,0.62,71,0,639,479
2026-08-22 00:11:50.567,person,0.62,71,0,639,479
2026-08-22 00:11:50.633,person,0.64,169,3,636,480
2026-08-22 00:11:50.696,person,0.64,169,3,636,480
2026-08-22 00:11:50.766,person,0.71,209,2,638,480
2026-08-22 00:11:50.825,person,0.68,165,3,638,480
2026-08-22 00:11:50.898,person,0.68,165,3,638,480
2026-08-22 00:11:50.952,person,0.69,202,3,636,480
2026-08-22 00:11:51.027,person,0.74,213,5,638,480
2026-08-22 00:11:51.088,person,0.74,213,5,638,480
2026-08-22 00:11:51.141,person,0.69,216,4,638,480
2026-08-22 00:11:51.207,person,0.71,189,4,638,480
2026-08-22 00:11:51.274,person,0.77,215,5,637,480
2026-08-22 00:11:51.337,person,0.72,198,3,637,480
2026-08-22 00:11:51.393,person,0.74,208,2,636,480
2026-08-22 00:11:51.446,person,0.73,211,3,638,480
2026-08-22 00:11:51.510,person,0.73,211,3,638,480
2026-08-22 00:11:51.569,person,0.73,170,2,637,480
2026-08-22 00:11:51.629,person,0.73,170,2,637,480
2026-08-22 00:11:51.692,person,0.67,62,9,639,479
2026-08-22 00:11:51.757,person,0.69,130,3,638,480
2026-08-22 00:11:51.819,person,0.69,130,3,638,480
2026-08-22 00:11:51.883,person,0.73,65,0,640,479
2026-08-22 00:11:51.942,person,0.73,65,0,640,479
2026-08-22 00:11:52.008,person,0.77,73,6,633,479
2026-08-22 00:11:52.066,person,0.77,73,6,633,479
2026-08-22 00:11:52.129,person,0.69,67,0,636,479
2026-08-22 00:11:52.187,person,0.73,64,3,636,479
2026-08-22 00:11:52.251,person,0.73,64,3,636,479
2026-08-22 00:11:52.304,person,0.74,165,5,637,480
2026-08-22 00:11:52.358,person,0.82,167,5,637,480
2026-08-22 00:11:52.423,person,0.82,167,5,637,480
2026-08-22 00:11:52.494,person,0.73,134,2,637,480
2026-08-22 00:11:52.550,person,0.71,124,5,638,480
2026-08-22 00:11:52.616,person,0.71,124,5,638,480
2026-08-22 00:11:52.674,person,0.75,65,4,635,479
2026-08-22 00:11:52.737,person,0.71,65,3,636,479
2026-08-22 00:11:52.798,person,0.70,124,4,638,479
2026-08-22 00:11:52.862,person,0.70,124,4,638,479
2026-08-22 00:11:52.924,person,0.80,59,0,639,479
2026-08-22 00:11:52.985,person,0.79,56,0,639,478
2026-08-22 00:11:53.053,person,0.79,56,0,639,478
2026-08-22 00:11:53.113,person,0.71,56,0,639,479
2026-08-22 00:11:53.181,person,0.71,56,0,639,479
2026-08-22 00:11:53.257,person,0.71,51,0,639,479
2026-08-22 00:11:53.320,person,0.72,78,4,636,478
2026-08-22 00:11:53.385,person,0.72,78,4,636,478
2026-08-22 00:11:53.465,person,0.68,130,3,637,479
2026-08-22 00:11:53.523,person,0.68,130,3,637,479
2026-08-22 00:11:53.597,person,0.71,164,4,637,479
2026-08-22 00:11:53.663,person,0.73,177,5,636,479
2026-08-22 00:11:53.742,person,0.73,177,5,636,479
2026-08-22 00:11:53.813,person,0.71,91,5,633,479
2026-08-22 00:11:53.876,person,0.70,151,5,637,480
2026-08-22 00:11:53.940,person,0.70,151,5,637,480
2026-08-22 00:11:53.998,person,0.65,125,4,638,480
2026-08-22 00:11:54.062,person,0.65,125,4,638,480
2026-08-22 00:11:54.126,person,0.72,57,2,635,479
2026-08-22 00:11:54.182,person,0.75,133,4,633,478
2026-08-22 00:11:54.248,person,0.75,133,4,633,478
2026-08-22 00:11:54.305,person,0.69,108,4,633,478
2026-08-22 00:11:54.368,person,0.66,89,2,634,478
2026-08-22 00:11:54.420,person,0.66,89,2,634,478
2026-08-22 00:11:54.481,person,0.72,50,0,638,479
2026-08-22 00:11:54.542,person,0.72,50,0,638,479
2026-08-22 00:11:54.601,person,0.65,99,2,631,478
2026-08-22 00:11:54.666,person,0.66,162,2,638,479
2026-08-22 00:11:54.717,person,0.66,162,2,638,479
2026-08-22 00:11:54.778,person,0.66,162,2,638,479
2026-08-22 00:11:54.836,person,0.68,171,4,638,479
2026-08-22 00:11:54.893,person,0.63,175,4,638,479
2026-08-22 00:11:54.966,person,0.63,175,4,638,479
2026-08-22 00:11:55.024,person,0.68,172,4,638,479
2026-08-22 00:11:55.087,person,0.69,53,0,639,479
2026-08-22 00:11:55.146,person,0.69,53,0,639,479
2026-08-22 00:11:55.209,person,0.72,108,2,636,478
2026-08-22 00:11:55.272,person,0.72,108,2,636,478
2026-08-22 00:11:55.336,person,0.72,56,0,639,479
2026-08-22 00:11:55.401,person,0.67,187,3,638,480
2026-08-22 00:11:55.467,person,0.68,177,4,638,479
2026-08-22 00:11:55.526,person,0.70,149,4,638,479
2026-08-22 00:11:55.589,person,0.70,149,4,638,479
2026-08-22 00:11:55.649,person,0.62,145,5,637,480
2026-08-22 00:11:55.709,person,0.70,143,5,638,479
2026-08-22 00:11:55.760,person,0.70,143,5,638,479
2026-08-22 00:11:55.823,person,0.63,121,5,638,479
2026-08-22 00:11:55.886,person,0.63,121,5,638,479
2026-08-22 00:11:55.951,person,0.64,122,4,637,480
2026-08-22 00:11:56.007,person,0.64,110,4,633,479
2026-08-22 00:11:56.069,person,0.64,110,4,633,479
2026-08-22 00:11:56.117,person,0.73,49,0,639,479
2026-08-22 00:11:56.190,person,0.67,47,0,639,479
2026-08-22 00:11:56.254,person,0.67,47,0,639,479
2026-08-22 00:11:56.317,person,0.67,47,0,639,479
2026-08-22 00:11:56.382,person,0.65,110,8,638,479
2026-08-22 00:11:56.448,person,0.65,52,0,638,479
2026-08-22 00:11:56.507,person,0.65,52,0,638,479
2026-08-22 00:11:56.557,person,0.64,117,6,638,480
2026-08-22 00:11:56.615,person,0.66,103,5,634,479
2026-08-22 00:11:56.682,person,0.66,103,5,634,479
2026-08-22 00:11:56.740,person,0.79,194,9,636,479
2026-08-22 00:11:56.803,person,0.61,183,6,613,478
2026-08-22 00:11:56.863,person,0.72,191,3,636,479
2026-08-22 00:11:56.932,person,0.83,58,2,640,478
2026-08-22 00:11:56.991,person,0.84,61,0,640,478
2026-08-22 00:11:57.046,person,0.81,49,0,639,479
2026-08-22 00:11:57.101,person,0.81,49,0,639,479
2026-08-22 00:11:57.164,person,0.80,40,0,638,479
2026-08-22 00:11:57.221,person,0.80,40,0,638,479
2026-08-22 00:11:57.277,person,0.76,51,0,640,479
2026-08-22 00:11:57.332,person,0.76,46,0,638,479
2026-08-22 00:11:57.397,person,0.76,46,0,638,479
2026-08-22 00:11:57.459,person,0.68,161,4,638,480
2026-08-22 00:11:57.521,person,0.70,97,4,638,480
2026-08-22 00:11:57.583,person,0.74,41,0,639,479
2026-08-22 00:11:57.646,person,0.74,41,0,639,479
2026-08-22 00:11:57.703,person,0.74,71,7,636,478
2026-08-22 00:11:57.758,person,0.72,124,5,638,479
2026-08-22 00:11:57.813,person,0.72,124,5,638,479
2026-08-22 00:11:57.876,person,0.78,144,3,638,479
2026-08-22 00:11:57.939,person,0.74,128,3,639,479
2026-08-22 00:11:57.999,person,0.74,128,3,639,479
2026-08-22 00:11:58.068,person,0.68,119,8,639,479
2026-08-22 00:11:58.128,person,0.68,119,8,639,479
2026-08-22 00:11:58.186,person,0.78,141,2,639,479
2026-08-22 00:11:58.255,person,0.77,144,2,639,479
2026-08-22 00:11:58.316,person,0.73,139,3,639,479
2026-08-22 00:11:58.374,person,0.83,164,3,638,479
2026-08-22 00:11:58.429,person,0.83,164,3,638,479
2026-08-22 00:11:58.488,person,0.69,86,5,634,478
2026-08-22 00:11:58.549,person,0.69,86,5,634,478
2026-08-22 00:11:58.616,person,0.65,138,1,639,479
2026-08-22 00:11:58.673,person,0.78,162,3,638,479
2026-08-22 00:11:58.737,person,0.78,162,3,638,479
2026-08-22 00:11:58.799,person,0.71,163,3,639,479
2026-08-22 00:11:58.865,person,0.78,154,1,639,478
2026-08-22 00:11:58.919,person,0.78,154,1,639,478
2026-08-22 00:11:58.976,person,0.74,107,3,638,478
2026-08-22 00:11:59.033,person,0.78,125,5,638,480
2026-08-22 00:11:59.099,person,0.76,143,4,638,480
2026-08-22 00:11:59.157,person,0.76,143,4,638,480
2026-08-22 00:11:59.216,person,0.73,152,0,639,480
2026-08-22 00:11:59.279,person,0.64,54,40,639,479
2026-08-22 00:11:59.346,person,0.64,54,40,639,479
2026-08-22 00:11:59.399,person,0.42,145,9,639,479
2026-08-22 00:11:59.469,person,0.42,145,9,639,479
2026-08-22 00:11:59.526,person,0.53,247,20,639,477
2026-08-22 00:11:59.527,person,0.27,53,1,636,478
2026-08-22 00:11:59.594,dog,0.42,260,37,639,478
2026-08-22 00:11:59.658,dog,0.42,260,37,639,478
2026-08-22 00:11:59.717,person,0.27,217,32,638,476
2026-08-22 00:11:59.781,person,0.27,217,32,638,476
2026-08-22 00:11:59.843,cat,0.37,234,30,639,479
2026-08-22 00:11:59.843,person,0.36,222,22,638,477
2026-08-22 00:11:59.843,chair,0.27,60,305,180,479
2026-08-22 00:11:59.909,person,0.50,235,15,639,478
2026-08-22 00:11:59.969,person,0.50,235,15,639,478
2026-08-22 00:12:00.030,person,0.28,276,11,639,478
2026-08-22 00:12:00.092,person,0.28,276,11,639,478
2026-08-22 00:12:00.151,person,0.30,230,15,639,479
2026-08-22 00:12:00.442,chair,0.40,234,278,444,469
2026-08-22 00:12:00.443,chair,0.25,237,277,550,478
2026-08-22 00:12:00.443,book,0.25,280,179,375,206
2026-08-22 00:12:00.512,chair,0.72,235,280,430,469
2026-08-22 00:12:00.573,person,0.29,482,38,639,475
2026-08-22 00:12:00.636,person,0.34,500,58,639,475
2026-08-22 00:12:00.637,chair,0.26,238,279,435,479
2026-08-22 00:12:00.697,person,0.34,500,58,639,475
2026-08-22 00:12:00.697,chair,0.26,238,279,435,479
2026-08-22 00:12:00.761,person,0.30,521,71,639,476
2026-08-22 00:12:00.822,chair,0.40,239,280,438,479
2026-08-22 00:12:00.882,chair,0.40,239,280,438,479
2026-08-22 00:12:00.934,chair,0.49,237,280,438,479
2026-08-22 00:12:00.934,person,0.27,528,74,639,455
2026-08-22 00:12:00.934,cat,0.27,528,72,639,440
2026-08-22 00:12:00.934,person,0.26,301,70,639,478
2026-08-22 00:12:00.934,chair,0.25,236,279,566,480
2026-08-22 00:12:00.994,chair,0.49,237,280,438,479
2026-08-22 00:12:00.994,person,0.27,528,74,639,455
2026-08-22 00:12:00.994,cat,0.27,528,72,639,440
2026-08-22 00:12:00.994,person,0.26,301,70,639,478
2026-08-22 00:12:00.994,chair,0.25,236,279,566,480
2026-08-22 00:12:01.058,chair,0.56,238,281,436,479
2026-08-22 00:12:01.058,person,0.49,524,66,639,478
2026-08-22 00:12:01.059,person,0.43,306,71,639,480
2026-08-22 00:12:01.059,person,0.33,421,68,639,478
2026-08-22 00:12:01.118,chair,0.56,238,281,436,479
2026-08-22 00:12:01.118,person,0.49,524,66,639,478
2026-08-22 00:12:01.118,person,0.43,306,71,639,480
2026-08-22 00:12:01.118,person,0.33,421,68,639,478
2026-08-22 00:12:01.179,person,0.56,518,55,639,477
2026-08-22 00:12:01.179,chair,0.47,237,282,438,479
2026-08-22 00:12:01.244,person,0.57,511,57,639,478
2026-08-22 00:12:01.244,person,0.44,308,58,638,479
2026-08-22 00:12:01.244,chair,0.37,237,279,437,479
2026-08-22 00:12:01.308,person,0.57,511,57,639,478
2026-08-22 00:12:01.308,person,0.44,308,58,638,479
2026-08-22 00:12:01.308,chair,0.37,237,279,437,479
2026-08-22 00:12:01.368,person,0.36,310,49,639,479
2026-08-22 00:12:01.368,person,0.30,507,50,639,478
2026-08-22 00:12:01.368,person,0.28,420,47,639,479
2026-08-22 00:12:01.368,chair,0.25,238,280,442,478
2026-08-22 00:12:01.429,person,0.36,310,49,639,479
2026-08-22 00:12:01.429,person,0.30,507,50,639,478
2026-08-22 00:12:01.429,person,0.28,420,47,639,479
2026-08-22 00:12:01.429,chair,0.25,238,280,442,478
2026-08-22 00:12:01.493,person,0.53,502,16,639,477
2026-08-22 00:12:01.493,person,0.47,249,25,638,479
2026-08-22 00:12:01.493,chair,0.47,235,280,435,479
2026-08-22 00:12:01.555,person,0.60,500,24,639,477
2026-08-22 00:12:01.555,chair,0.40,236,280,436,479
2026-08-22 00:12:01.555,person,0.33,253,22,638,479
2026-08-22 00:12:01.620,person,0.60,500,24,639,477
2026-08-22 00:12:01.620,chair,0.40,236,280,436,479
2026-08-22 00:12:01.620,person,0.33,253,22,638,479
2026-08-22 00:12:01.679,person,0.74,502,24,639,477
2026-08-22 00:12:01.679,chair,0.49,237,279,438,479
2026-08-22 00:12:01.679,person,0.42,303,29,639,479
2026-08-22 00:12:01.743,person,0.54,285,36,638,479
2026-08-22 00:12:01.743,person,0.50,505,25,639,476
2026-08-22 00:12:01.743,chair,0.49,237,279,436,479
2026-08-22 00:12:01.743,chair,0.30,237,279,541,479
2026-08-22 00:12:01.805,person,0.57,507,25,639,478
2026-08-22 00:12:01.805,person,0.45,275,25,638,480
2026-08-22 00:12:01.805,chair,0.39,237,279,437,479
2026-08-22 00:12:01.805,chair,0.26,237,278,559,479
2026-08-22 00:12:01.864,person,0.42,282,21,638,480
2026-08-22 00:12:01.865,person,0.37,507,18,639,476
2026-08-22 00:12:01.865,chair,0.36,237,279,433,479
2026-08-22 00:12:01.865,book,0.28,279,179,374,204
2026-08-22 00:12:01.865,chair,0.27,236,278,625,479
2026-08-22 00:12:01.925,person,0.42,282,21,638,480
2026-08-22 00:12:01.925,person,0.37,507,18,639,476
2026-08-22 00:12:01.925,chair,0.36,237,279,433,479
2026-08-22 00:12:01.925,book,0.28,279,179,374,204
2026-08-22 00:12:01.925,chair,0.27,236,278,625,479
2026-08-22 00:12:01.989,person,0.57,509,27,639,477
2026-08-22 00:12:01.989,person,0.34,265,29,638,480
2026-08-22 00:12:01.989,chair,0.29,236,280,430,478
2026-08-22 00:12:02.060,person,0.57,509,27,639,477
2026-08-22 00:12:02.060,person,0.34,265,29,638,480
2026-08-22 00:12:02.060,chair,0.29,236,280,430,478
2026-08-22 00:12:02.112,person,0.53,510,34,639,477
2026-08-22 00:12:02.112,chair,0.40,236,279,434,479
2026-08-22 00:12:02.179,person,0.53,510,34,639,476
2026-08-22 00:12:02.179,chair,0.51,236,279,428,479
2026-08-22 00:12:02.179,person,0.41,308,21,638,479
2026-08-22 00:12:02.243,person,0.53,510,34,639,476
2026-08-22 00:12:02.243,chair,0.51,236,279,428,479
2026-08-22 00:12:02.243,person,0.41,308,21,638,479
2026-08-22 00:12:02.305,chair,0.59,236,279,428,479
2026-08-22 00:12:02.305,person,0.57,508,38,639,477
2026-08-22 00:12:02.305,person,0.33,319,31,639,479
2026-08-22 00:12:02.368,chair,0.59,236,279,428,479
2026-08-22 00:12:02.368,person,0.57,508,38,639,477
2026-08-22 00:12:02.368,person,0.33,319,31,639,479
2026-08-22 00:12:02.424,person,0.53,266,13,639,479
2026-08-22 00:12:02.424,chair,0.49,236,280,429,479
2026-08-22 00:12:02.492,person,0.53,266,13,639,479
2026-08-22 00:12:02.492,chair,0.49,236,280,429,479
2026-08-22 00:12:02.552,person,0.47,492,13,639,474
2026-08-22 00:12:02.552,person,0.44,295,15,639,478
2026-08-22 00:12:02.553,chair,0.44,237,280,429,479
2026-08-22 00:12:02.610,person,0.67,482,6,639,478
2026-08-22 00:12:02.610,person,0.36,220,0,638,479
2026-08-22 00:12:02.680,person,0.67,482,6,639,478
2026-08-22 00:12:02.680,person,0.36,220,0,638,479
2026-08-22 00:12:02.736,person,0.25,464,0,639,471
2026-08-22 00:12:02.803,person,0.34,234,203,638,479
2026-08-22 00:12:02.870,person,0.34,234,203,638,479
2026-08-22 00:12:02.925,person,0.26,237,227,637,479
2026-08-22 00:12:02.983,person,0.34,207,15,640,477
2026-08-22 00:12:02.983,person,0.26,390,92,639,473
2026-08-22 00:12:03.053,person,0.34,207,15,640,477
2026-08-22 00:12:03.053,person,0.26,390,92,639,473
2026-08-22 00:12:03.115,person,0.25,213,5,638,476
2026-08-22 00:12:03.177,person,0.55,130,2,638,478
2026-08-22 00:12:03.241,cat,0.32,321,0,639,469
2026-08-22 00:12:03.242,person,0.31,325,0,639,474
2026-08-22 00:12:03.301,person,0.25,281,0,638,459
2026-08-22 00:12:03.365,person,0.43,35,0,639,479
2026-08-22 00:12:03.365,person,0.26,275,0,638,469
2026-08-22 00:12:03.425,person,0.70,44,0,639,479
2026-08-22 00:12:03.425,person,0.30,235,0,638,440
2026-08-22 00:12:03.492,person,0.70,44,0,639,479
2026-08-22 00:12:03.492,person,0.30,235,0,638,440
2026-08-22 00:12:03.553,person,0.72,60,0,637,479
2026-08-22 00:12:03.617,person,0.71,59,0,636,479
2026-08-22 00:12:03.671,person,0.71,59,0,636,479
2026-08-22 00:12:03.723,person,0.79,68,0,637,479
2026-08-22 00:12:03.779,person,0.79,68,0,637,479
2026-08-22 00:12:03.829,person,0.87,70,0,630,479
2026-08-22 00:12:03.829,toothbrush,0.27,186,350,293,397
2026-08-22 00:12:03.888,person,0.87,70,0,630,479
2026-08-22 00:12:03.888,toothbrush,0.27,186,350,293,397
2026-08-22 00:12:03.952,person,0.90,71,1,628,479
2026-08-22 00:12:04.033,person,0.88,70,1,625,479
2026-08-22 00:12:04.096,person,0.88,70,1,625,479
2026-08-22 00:12:04.160,person,0.88,66,0,619,479
2026-08-22 00:12:04.216,person,0.88,66,0,619,479
2026-08-22 00:12:04.277,person,0.83,66,0,609,479
2026-08-22 00:12:04.340,person,0.84,69,0,582,479
2026-08-22 00:12:04.407,person,0.84,69,0,582,479
2026-08-22 00:12:04.466,person,0.80,66,0,583,479
2026-08-22 00:12:04.532,person,0.84,65,3,634,478
2026-08-22 00:12:04.599,person,0.82,71,0,635,479
2026-08-22 00:12:04.659,person,0.84,64,0,636,479
2026-08-22 00:12:04.659,toothbrush,0.38,205,321,306,381
2026-08-22 00:12:04.719,person,0.84,64,0,636,479
2026-08-22 00:12:04.719,toothbrush,0.38,205,321,306,381
2026-08-22 00:12:04.786,person,0.86,66,2,638,479
2026-08-22 00:12:04.841,person,0.86,66,2,638,479
2026-08-22 00:12:04.915,person,0.84,73,3,638,479
2026-08-22 00:12:04.967,person,0.84,65,3,639,479
2026-08-22 00:12:04.968,cell phone,0.32,433,108,497,181
2026-08-22 00:12:05.018,person,0.84,65,3,639,479
2026-08-22 00:12:05.018,cell phone,0.32,433,108,497,181
2026-08-22 00:12:05.075,person,0.82,73,1,637,478
2026-08-22 00:12:05.142,person,0.82,73,1,637,478
2026-08-22 00:12:05.204,person,0.84,67,0,631,478
2026-08-22 00:12:05.204,person,0.38,442,80,639,477
2026-08-22 00:12:05.264,person,0.84,67,0,631,478
2026-08-22 00:12:05.264,person,0.38,442,80,639,477
2026-08-22 00:12:05.330,person,0.80,59,12,639,478
2026-08-22 00:12:05.390,person,0.80,62,8,639,479
2026-08-22 00:12:05.457,person,0.80,62,8,639,479
2026-08-22 00:12:05.515,person,0.79,62,0,600,478
2026-08-22 00:12:05.581,person,0.59,60,0,617,479
2026-08-22 00:12:05.638,person,0.59,60,0,617,479
2026-08-22 00:12:05.703,person,0.74,61,0,628,479
2026-08-22 00:12:05.767,person,0.74,61,0,628,479
2026-08-22 00:12:05.822,person,0.52,152,0,620,480
2026-08-22 00:12:05.892,person,0.56,59,0,625,479
2026-08-22 00:12:05.949,person,0.49,197,1,633,479
2026-08-22 00:12:06.018,person,0.51,153,1,630,479
2026-08-22 00:12:06.075,person,0.64,53,0,631,479
2026-08-22 00:12:06.141,person,0.71,53,0,632,479
2026-08-22 00:12:06.197,person,0.76,47,0,636,478
2026-08-22 00:12:06.258,person,0.76,47,0,636,478
2026-08-22 00:12:06.308,person,0.62,29,4,633,479
2026-08-22 00:12:06.374,person,0.62,29,4,633,479
2026-08-22 00:12:06.430,person,0.50,159,0,638,478
2026-08-22 00:12:06.496,person,0.49,77,5,637,478
2026-08-22 00:12:06.557,person,0.49,77,5,637,478
2026-08-22 00:12:06.620,person,0.34,61,6,637,478
2026-08-22 00:12:06.686,person,0.47,42,1,638,479
2026-08-22 00:12:06.686,person,0.39,173,50,634,478
2026-08-22 00:12:06.747,person,0.55,80,49,635,479
2026-08-22 00:12:06.810,person,0.55,80,49,635,479
2026-08-22 00:12:06.872,person,0.58,88,35,634,478
2026-08-22 00:12:06.935,person,0.61,178,57,638,479
2026-08-22 00:12:06.993,person,0.61,178,57,638,479
2026-08-22 00:12:07.044,person,0.51,140,37,637,479
2026-08-22 00:12:07.110,person,0.62,37,0,637,479
2026-08-22 00:12:07.167,person,0.62,37,0,637,479
2026-08-22 00:12:07.231,person,0.54,40,62,636,479
2026-08-22 00:12:07.231,person,0.30,194,25,626,476
2026-08-22 00:12:07.291,person,0.54,40,62,636,479
2026-08-22 00:12:07.291,person,0.30,194,25,626,476
2026-08-22 00:12:07.355,person,0.56,104,1,637,478
2026-08-22 00:12:07.417,person,0.56,104,1,637,478
2026-08-22 00:12:07.479,person,0.74,48,4,626,478
2026-08-22 00:12:07.546,person,0.60,49,3,615,479
2026-08-22 00:12:07.603,person,0.60,49,3,615,479
2026-08-22 00:12:07.669,person,0.75,49,8,594,479
2026-08-22 00:12:07.749,person,0.70,56,4,618,479
2026-08-22 00:12:07.810,person,0.70,56,4,618,479
2026-08-22 00:12:07.866,person,0.73,55,5,590,479
2026-08-22 00:12:07.934,person,0.78,56,0,601,479
2026-08-22 00:12:07.983,person,0.78,51,1,603,479
2026-08-22 00:12:08.040,person,0.78,51,1,603,479
2026-08-22 00:12:08.109,person,0.78,57,6,619,479
2026-08-22 00:12:08.167,person,0.82,58,8,631,479
2026-08-22 00:12:08.228,person,0.82,58,8,631,479
2026-08-22 00:12:08.297,person,0.72,52,3,630,479
2026-08-22 00:12:08.358,person,0.72,52,3,630,479
2026-08-22 00:12:08.421,person,0.47,168,13,619,478
2026-08-22 00:12:08.485,person,0.52,53,18,614,479
2026-08-22 00:12:08.550,person,0.52,53,18,614,479
2026-08-22 00:12:08.611,person,0.50,43,11,610,479
2026-08-22 00:12:08.673,person,0.43,47,0,620,479
2026-08-22 00:12:08.735,person,0.45,40,0,613,479
2026-08-22 00:12:08.735,toothbrush,0.25,216,374,329,416
2026-08-22 00:12:08.799,person,0.50,45,10,618,478
2026-08-22 00:12:08.799,person,0.34,265,54,555,458
2026-08-22 00:12:08.865,person,0.61,41,10,627,479
2026-08-22 00:12:08.865,person,0.33,183,62,578,476
2026-08-22 00:12:08.923,person,0.61,41,10,627,479
2026-08-22 00:12:08.924,person,0.33,183,62,578,476
2026-08-22 00:12:08.983,person,0.61,41,10,627,479
2026-08-22 00:12:08.983,person,0.33,183,62,578,476
2026-08-22 00:12:09.042,cat,0.28,278,53,584,360
2026-08-22 00:12:09.042,dog,0.26,267,54,589,472
2026-08-22 00:12:09.279,person,0.49,261,48,604,478
2026-08-22 00:12:09.346,person,0.49,261,48,604,478
2026-08-22 00:12:09.403,cat,0.44,273,51,623,405
2026-08-22 00:12:09.468,cat,0.61,269,32,638,421
2026-08-22 00:12:09.468,mouse,0.38,353,323,456,397
2026-08-22 00:12:09.535,person,0.37,260,20,637,477
2026-08-22 00:12:09.535,cat,0.37,264,39,639,476
2026-08-22 00:12:09.589,person,0.37,260,20,637,477
2026-08-22 00:12:09.589,cat,0.37,264,39,639,476
2026-08-22 00:12:09.647,person,0.44,217,9,633,479
2026-08-22 00:12:09.648,cat,0.43,260,27,638,477
2026-08-22 00:12:09.648,mouse,0.37,357,327,466,408
2026-08-22 00:12:09.718,mouse,0.46,360,328,466,410
2026-08-22 00:12:09.718,cat,0.45,259,3,639,476
2026-08-22 00:12:09.718,person,0.43,207,6,637,479
2026-08-22 00:12:09.718,person,0.26,34,11,622,479
2026-08-22 00:12:09.777,mouse,0.46,360,328,466,410
2026-08-22 00:12:09.777,cat,0.45,259,3,639,476
2026-08-22 00:12:09.777,person,0.43,207,6,637,479
2026-08-22 00:12:09.777,person,0.26,34,11,622,479
2026-08-22 00:12:09.842,mouse,0.39,360,329,468,412
2026-08-22 00:12:09.843,cat,0.39,261,27,639,476
2026-08-22 00:12:09.843,person,0.37,228,8,638,479
2026-08-22 00:12:09.902,mouse,0.39,360,329,468,412
2026-08-22 00:12:09.902,cat,0.39,261,27,639,476
2026-08-22 00:12:09.902,person,0.37,228,8,638,479
2026-08-22 00:12:09.958,person,0.45,41,14,626,479
2026-08-22 00:12:09.958,person,0.42,248,10,639,479
2026-08-22 00:12:10.022,mouse,0.52,360,328,468,410
2026-08-22 00:12:10.022,person,0.38,32,11,626,479
2026-08-22 00:12:10.022,cat,0.31,258,25,639,468
2026-08-22 00:12:10.091,mouse,0.52,360,328,468,410
2026-08-22 00:12:10.091,person,0.38,32,11,626,479
2026-08-22 00:12:10.091,cat,0.31,258,25,639,468
2026-08-22 00:12:10.148,person,0.49,51,0,622,479
2026-08-22 00:12:10.148,cat,0.43,260,31,639,466
2026-08-22 00:12:10.148,mouse,0.28,363,328,470,410
2026-08-22 00:12:10.209,person,0.49,51,0,622,479
2026-08-22 00:12:10.209,cat,0.43,260,31,639,466
2026-08-22 00:12:10.209,mouse,0.28,363,328,470,410
2026-08-22 00:12:10.272,person,0.48,46,1,603,480
2026-08-22 00:12:10.272,person,0.33,178,46,625,479
2026-08-22 00:12:10.272,cat,0.26,260,23,639,475
2026-08-22 00:12:10.337,cat,0.40,262,34,639,474
2026-08-22 00:12:10.337,person,0.33,18,2,624,479
2026-08-22 00:12:10.337,person,0.27,244,9,639,478
2026-08-22 00:12:10.399,cat,0.40,262,34,639,474
2026-08-22 00:12:10.399,person,0.33,18,2,624,479
2026-08-22 00:12:10.399,person,0.27,244,9,639,478
2026-08-22 00:12:10.463,cat,0.60,261,33,639,471
2026-08-22 00:12:10.464,person,0.32,213,7,637,479
2026-08-22 00:12:10.464,person,0.27,27,0,620,480
2026-08-22 00:12:10.524,cat,0.60,261,33,639,471
2026-08-22 00:12:10.524,person,0.32,213,7,637,479
2026-08-22 00:12:10.524,person,0.27,27,0,620,480
2026-08-22 00:12:10.581,cat,0.53,263,34,639,457
2026-08-22 00:12:10.582,person,0.38,34,5,622,479
2026-08-22 00:12:10.648,cat,0.43,265,25,639,469
2026-08-22 00:12:10.648,person,0.37,246,13,638,476
2026-08-22 00:12:10.648,person,0.32,31,3,621,479
2026-08-22 00:12:10.710,person,0.45,161,11,629,479
2026-08-22 00:12:10.710,cat,0.38,266,14,639,467
2026-08-22 00:12:10.777,person,0.41,46,4,632,479
2026-08-22 00:12:10.777,person,0.36,235,9,639,476
2026-08-22 00:12:10.777,cat,0.31,264,1,639,469
2026-08-22 00:12:10.834,person,0.41,46,4,632,479
2026-08-22 00:12:10.834,person,0.36,235,9,639,476
2026-08-22 00:12:10.835,cat,0.31,264,1,639,469
2026-08-22 00:12:10.900,person,0.58,49,11,631,479
2026-08-22 00:12:10.900,person,0.28,267,14,639,471
2026-08-22 00:12:11.021,person,0.61,91,13,634,479
2026-08-22 00:12:11.021,person,0.32,266,17,638,478
2026-08-22 00:12:11.081,person,0.34,263,16,625,479
2026-08-22 00:12:11.145,person,0.34,263,16,625,479
2026-08-22 00:12:11.214,person,0.63,153,9,636,478
2026-08-22 00:12:11.274,person,0.61,129,4,635,478
2026-08-22 00:12:11.335,person,0.61,129,4,635,478
2026-08-22 00:12:11.399,person,0.74,128,0,634,478
2026-08-22 00:12:11.463,person,0.79,120,1,629,478
2026-08-22 00:12:11.524,person,0.51,258,0,638,479
2026-08-22 00:12:11.524,person,0.39,34,0,636,479
2026-08-22 00:12:11.587,person,0.49,233,0,633,479
2026-08-22 00:12:11.668,person,0.69,51,4,634,478
2026-08-22 00:12:11.729,person,0.69,51,4,634,478
2026-08-22 00:12:11.794,person,0.69,51,4,634,478
2026-08-22 00:12:11.853,person,0.57,19,1,633,478
2026-08-22 00:12:11.853,person,0.54,209,0,628,478
2026-08-22 00:12:11.906,person,0.66,116,1,636,477
2026-08-22 00:12:11.966,person,0.66,116,1,636,477
2026-08-22 00:12:12.029,person,0.62,41,3,635,478
2026-08-22 00:12:12.030,person,0.39,271,0,617,477
2026-08-22 00:12:12.088,person,0.60,20,0,640,479
2026-08-22 00:12:12.088,person,0.41,284,0,609,477
2026-08-22 00:12:12.155,person,0.60,20,0,640,479
2026-08-22 00:12:12.155,person,0.41,284,0,609,477
2026-08-22 00:12:12.223,person,0.72,27,0,640,479
2026-08-22 00:12:12.286,person,0.63,144,12,639,480
2026-08-22 00:12:12.286,toothbrush,0.47,222,368,343,412
2026-08-22 00:12:12.341,person,0.56,95,0,638,479
2026-08-22 00:12:12.341,toothbrush,0.27,227,365,346,412
2026-08-22 00:12:12.408,person,0.56,95,0,638,479
2026-08-22 00:12:12.408,toothbrush,0.27,227,365,346,412
2026-08-22 00:12:12.468,person,0.54,150,10,638,479
2026-08-22 00:12:12.535,person,0.67,130,20,637,479
2026-08-22 00:12:12.597,person,0.67,130,20,637,479
2026-08-22 00:12:12.658,person,0.78,57,12,640,479
2026-08-22 00:12:12.715,person,0.77,53,14,640,479
2026-08-22 00:12:12.779,person,0.77,53,14,640,479
2026-08-22 00:12:12.846,person,0.67,39,18,640,479
2026-08-22 00:12:12.846,person,0.48,223,40,639,478
2026-08-22 00:12:12.899,person,0.67,39,18,640,479
2026-08-22 00:12:12.900,person,0.48,223,40,639,478
2026-08-22 00:12:12.964,person,0.72,230,42,639,478
2026-08-22 00:12:13.027,person,0.72,230,42,639,478
2026-08-22 00:12:13.089,person,0.83,231,41,639,479
2026-08-22 00:12:13.089,chair,0.29,237,309,390,471
2026-08-22 00:12:13.154,person,0.84,232,46,639,479
2026-08-22 00:12:13.218,person,0.84,232,46,639,479
2026-08-22 00:12:13.275,person,0.83,232,48,639,479
2026-08-22 00:12:13.353,person,0.81,231,48,639,479
2026-08-22 00:12:13.406,person,0.81,231,48,639,479
2026-08-22 00:12:13.462,person,0.79,233,52,639,479
2026-08-22 00:12:13.525,person,0.81,233,52,639,479
2026-08-22 00:12:13.591,person,0.80,233,49,638,479
2026-08-22 00:12:13.650,person,0.80,233,49,638,479
2026-08-22 00:12:13.710,person,0.75,231,55,638,479
2026-08-22 00:12:13.777,person,0.78,231,53,638,479
2026-08-22 00:12:13.777,chair,0.34,235,309,391,480
2026-08-22 00:12:13.833,person,0.78,231,53,638,479
2026-08-22 00:12:13.833,chair,0.34,235,309,391,480
2026-08-22 00:12:13.899,person,0.74,229,55,638,479
2026-08-22 00:12:13.959,person,0.74,229,55,638,479
2026-08-22 00:12:14.026,person,0.78,232,61,639,479
2026-08-22 00:12:14.090,person,0.75,232,64,639,479
2026-08-22 00:12:14.149,person,0.75,232,64,639,479
2026-08-22 00:12:14.208,person,0.78,233,53,639,479
2026-08-22 00:12:14.273,person,0.81,232,63,639,479
2026-08-22 00:12:14.335,person,0.80,218,65,639,479
2026-08-22 00:12:14.391,person,0.79,232,61,639,479
2026-08-22 00:12:14.464,person,0.78,218,63,639,479
2026-08-22 00:12:14.523,person,0.78,218,63,639,479
2026-08-22 00:12:14.584,person,0.78,218,63,639,479
2026-08-22 00:12:14.649,person,0.76,221,62,639,479
2026-08-22 00:12:14.701,person,0.81,232,57,639,479
2026-08-22 00:12:14.756,person,0.81,232,57,639,479
2026-08-22 00:12:14.818,person,0.80,226,61,639,478
2026-08-22 00:12:14.879,person,0.81,231,52,639,479
2026-08-22 00:12:14.944,person,0.81,231,52,639,479
2026-08-22 00:12:15.004,person,0.81,226,62,639,479
2026-08-22 00:12:15.063,person,0.77,224,62,638,479
2026-08-22 00:12:15.131,person,0.79,223,63,639,478
2026-08-22 00:12:15.188,person,0.79,223,63,639,478
2026-08-22 00:12:15.256,person,0.78,220,62,639,479
2026-08-22 00:12:15.318,person,0.79,221,61,639,479
2026-08-22 00:12:15.378,person,0.79,221,61,639,479
2026-08-22 00:12:15.435,person,0.77,217,63,638,479
2026-08-22 00:12:15.435,chair,0.33,234,309,382,480
2026-08-22 00:12:15.504,person,0.80,215,63,639,479
2026-08-22 00:12:15.567,person,0.80,215,63,639,479
2026-08-22 00:12:15.628,person,0.75,215,61,639,479
2026-08-22 00:12:15.685,person,0.75,215,61,639,479
2026-08-22 00:12:15.748,person,0.74,232,52,639,478
2026-08-22 00:12:15.748,chair,0.31,234,310,381,480
2026-08-22 00:12:15.816,person,0.74,232,52,639,478
2026-08-22 00:12:15.816,chair,0.31,234,310,381,480
2026-08-22 00:12:15.877,person,0.79,232,55,639,478
2026-08-22 00:12:15.939,person,0.83,233,58,639,478
2026-08-22 00:12:16.001,person,0.83,233,58,639,478
2026-08-22 00:12:16.062,person,0.76,233,59,639,478
2026-08-22 00:12:16.121,person,0.76,233,59,639,478
2026-08-22 00:12:16.183,person,0.76,230,53,639,478
2026-08-22 00:12:16.256,person,0.73,227,42,639,478
2026-08-22 00:12:16.310,person,0.74,232,41,639,478
2026-08-22 00:12:16.310,chair,0.26,235,311,380,480
2026-08-22 00:12:16.377,person,0.78,232,49,639,478
2026-08-22 00:12:16.435,person,0.78,232,49,639,478
2026-08-22 00:12:16.486,person,0.76,233,55,638,478
2026-08-22 00:12:16.543,person,0.82,232,64,639,478
2026-08-22 00:12:16.610,person,0.79,228,65,638,479
2026-08-22 00:12:16.674,person,0.74,233,65,639,479
2026-08-22 00:12:16.736,person,0.74,233,65,639,479
2026-08-22 00:12:16.802,person,0.87,230,73,639,477
2026-08-22 00:12:16.858,person,0.90,231,72,639,478
2026-08-22 00:12:16.916,person,0.90,231,72,639,478
2026-08-22 00:12:16.988,person,0.87,233,61,639,479
2026-08-22 00:12:16.989,chair,0.30,234,309,382,479
2026-08-22 00:12:17.052,person,0.88,232,62,639,479
2026-08-22 00:12:17.052,chair,0.39,233,309,381,478
2026-08-22 00:12:17.105,person,0.88,232,62,639,479
2026-08-22 00:12:17.105,chair,0.39,233,309,381,478
2026-08-22 00:12:17.172,person,0.88,232,62,639,479
2026-08-22 00:12:17.172,chair,0.39,233,309,381,478
2026-08-22 00:12:17.237,person,0.87,232,63,639,479
2026-08-22 00:12:17.237,chair,0.41,233,309,382,479
2026-08-22 00:12:17.298,person,0.86,230,70,639,479
2026-08-22 00:12:17.298,chair,0.44,233,310,380,478
2026-08-22 00:12:17.350,person,0.86,230,70,639,479
2026-08-22 00:12:17.350,chair,0.44,233,310,380,478
2026-08-22 00:12:17.406,person,0.86,231,61,639,479
2026-08-22 00:12:17.406,chair,0.43,232,308,379,478
2026-08-22 00:12:17.472,person,0.86,231,61,639,479
2026-08-22 00:12:17.473,chair,0.43,232,308,379,478
2026-08-22 00:12:17.533,person,0.84,229,69,638,479
2026-08-22 00:12:17.533,chair,0.39,233,309,377,478
2026-08-22 00:12:17.591,person,0.84,232,50,639,479
2026-08-22 00:12:17.591,chair,0.32,233,308,376,479
2026-08-22 00:12:17.653,person,0.84,232,50,639,479
2026-08-22 00:12:17.653,chair,0.32,233,308,376,479
2026-08-22 00:12:17.716,person,0.85,231,49,639,479
2026-08-22 00:12:17.716,chair,0.34,233,309,373,478
2026-08-22 00:12:17.782,person,0.86,231,57,638,479
2026-08-22 00:12:17.782,chair,0.32,233,309,371,479
2026-08-22 00:12:17.842,person,0.84,233,56,639,479
2026-08-22 00:12:17.842,chair,0.46,233,309,372,479
2026-08-22 00:12:17.907,person,0.84,231,58,639,479
2026-08-22 00:12:17.964,person,0.84,231,58,639,479
2026-08-22 00:12:18.027,person,0.82,231,9,639,479
2026-08-22 00:12:18.081,person,0.82,231,9,639,479
2026-08-22 00:12:18.139,person,0.81,227,66,637,479
2026-08-22 00:12:18.199,person,0.84,232,46,639,479
2026-08-22 00:12:18.263,person,0.84,232,46,639,479
2026-08-22 00:12:18.320,person,0.80,232,34,639,479
2026-08-22 00:12:18.389,person,0.83,232,43,639,479
2026-08-22 00:12:18.449,person,0.83,232,43,639,479
2026-08-22 00:12:18.511,person,0.85,233,41,639,479
2026-08-22 00:12:18.511,chair,0.30,233,310,373,479
2026-08-22 00:12:18.574,person,0.79,233,45,638,479
2026-08-22 00:12:18.574,chair,0.31,234,311,374,480
2026-08-22 00:12:18.635,person,0.80,232,35,639,479
2026-08-22 00:12:18.635,chair,0.25,234,311,374,480
2026-08-22 00:12:18.697,person,0.80,232,35,639,479
2026-08-22 00:12:18.697,chair,0.25,234,311,374,480
2026-08-22 00:12:18.756,person,0.78,233,53,638,479
2026-08-22 00:12:18.820,person,0.81,232,52,637,479
2026-08-22 00:12:18.877,person,0.81,232,52,637,479
2026-08-22 00:12:18.945,person,0.80,232,52,634,479
2026-08-22 00:12:19.003,person,0.80,232,52,634,479
2026-08-22 00:12:19.070,person,0.80,232,18,635,479
2026-08-22 00:12:19.137,person,0.76,187,67,638,479
2026-08-22 00:12:19.137,person,0.39,35,12,636,479
2026-08-22 00:12:19.193,person,0.73,229,29,637,479
2026-08-22 00:12:19.260,person,0.68,175,68,639,479
2026-08-22 00:12:19.323,person,0.68,233,30,631,478
2026-08-22 00:12:19.380,person,0.56,227,15,626,478
2026-08-22 00:12:19.380,person,0.30,239,61,540,474
2026-08-22 00:12:19.449,cat,0.42,262,33,639,442
2026-08-22 00:12:19.507,cat,0.42,262,33,639,442
2026-08-22 00:12:19.563,cat,0.35,239,46,627,461
2026-08-22 00:12:19.621,cat,0.35,239,46,627,461
2026-08-22 00:12:19.679,person,0.65,167,57,544,478
2026-08-22 00:12:19.730,person,0.61,157,55,614,480
2026-08-22 00:12:19.730,cell phone,0.29,242,359,311,414
2026-08-22 00:12:19.790,person,0.61,157,55,614,480
2026-08-22 00:12:19.790,cell phone,0.29,242,359,311,414
2026-08-22 00:12:19.856,person,0.65,146,59,594,480
2026-08-22 00:12:19.913,person,0.73,138,58,628,480
2026-08-22 00:12:19.979,person,0.67,114,55,631,480
2026-08-22 00:12:20.041,person,0.67,114,55,631,480
2026-08-22 00:12:20.104,person,0.69,182,66,633,478
2026-08-22 00:12:20.105,person,0.29,133,60,530,479
2026-08-22 00:12:20.167,person,0.74,131,58,637,480
2026-08-22 00:12:20.229,person,0.74,131,58,637,480
2026-08-22 00:12:20.282,person,0.78,100,60,638,480
2026-08-22 00:12:20.345,person,0.78,109,62,605,478
2026-08-22 00:12:20.416,person,0.78,109,62,605,478
2026-08-22 00:12:20.476,person,0.72,95,61,633,480
2026-08-22 00:12:20.541,person,0.72,95,61,633,480
2026-08-22 00:12:20.600,person,0.49,61,62,610,466
2026-08-22 00:12:20.661,person,0.55,127,62,624,476
2026-08-22 00:12:20.661,person,0.28,61,154,588,479
2026-08-22 00:12:20.727,person,0.49,107,18,608,478
2026-08-22 00:12:20.727,person,0.31,146,62,516,433
2026-08-22 00:12:20.727,person,0.29,62,96,556,478
2026-08-22 00:12:20.789,person,0.56,155,13,633,478
2026-08-22 00:12:20.847,person,0.56,155,13,633,478
2026-08-22 00:12:20.976,person,0.43,153,34,633,476
2026-08-22 00:12:21.034,person,0.43,153,34,633,476
2026-08-22 00:12:21.099,person,0.52,146,47,626,477
2026-08-22 00:12:21.158,person,0.52,146,47,626,477
2026-08-22 00:12:21.280,person,0.60,159,57,636,476
2026-08-22 00:12:21.345,person,0.75,136,53,638,477
2026-08-22 00:12:21.409,person,0.67,134,53,631,478
2026-08-22 00:12:21.465,person,0.67,134,53,631,478
2026-08-22 00:12:21.518,person,0.76,132,58,639,477
2026-08-22 00:12:21.583,person,0.76,132,58,639,477
2026-08-22 00:12:21.644,person,0.77,130,58,638,478
2026-08-22 00:12:21.708,person,0.73,127,58,636,478
2026-08-22 00:12:21.772,person,0.73,127,58,636,478
2026-08-22 00:12:21.827,person,0.68,122,61,634,477
2026-08-22 00:12:21.895,person,0.67,154,38,630,479
2026-08-22 00:12:21.956,person,0.74,151,61,636,477
2026-08-22 00:12:22.024,person,0.77,158,62,637,478
2026-08-22 00:12:22.095,person,0.78,161,61,639,478
2026-08-22 00:12:22.158,person,0.78,161,61,639,478
2026-08-22 00:12:22.222,person,0.78,161,61,639,478
2026-08-22 00:12:22.288,person,0.82,146,62,638,478
2026-08-22 00:12:22.288,baseball bat,0.44,236,138,309,280
2026-08-22 00:12:22.289,baseball bat,0.29,190,149,272,276
2026-08-22 00:12:22.345,person,0.75,142,57,637,480
2026-08-22 00:12:22.410,person,0.75,142,57,637,480
2026-08-22 00:12:22.473,person,0.66,108,57,638,480
2026-08-22 00:12:22.538,person,0.71,106,56,638,480
2026-08-22 00:12:22.596,person,0.71,106,56,638,480
2026-08-22 00:12:22.654,person,0.80,108,58,640,480
2026-08-22 00:12:22.715,person,0.80,108,58,640,480
2026-08-22 00:12:22.786,person,0.81,104,44,639,479
2026-08-22 00:12:22.851,person,0.81,104,44,639,479
2026-08-22 00:12:22.912,person,0.84,83,58,636,480
2026-08-22 00:12:22.974,person,0.83,67,59,634,480
2026-08-22 00:12:23.034,person,0.83,67,59,634,480
2026-08-22 00:12:23.103,person,0.77,143,39,640,479
2026-08-22 00:12:23.160,person,0.76,136,62,640,478
2026-08-22 00:12:23.221,person,0.76,136,62,640,478
2026-08-22 00:12:23.277,person,0.75,123,60,639,478
2026-08-22 00:12:23.277,toothbrush,0.51,145,199,371,439
2026-08-22 00:12:23.278,toothbrush,0.41,213,201,368,437
2026-08-22 00:12:23.346,person,0.73,121,44,640,479
2026-08-22 00:12:23.346,toothbrush,0.61,222,198,367,436
2026-08-22 00:12:23.413,person,0.73,121,44,640,479
2026-08-22 00:12:23.413,toothbrush,0.61,222,198,367,436
2026-08-22 00:12:23.475,person,0.74,120,63,640,477
2026-08-22 00:12:23.476,toothbrush,0.26,189,200,372,439
2026-08-22 00:12:23.540,person,0.77,105,42,640,479
2026-08-22 00:12:23.540,toothbrush,0.41,216,197,370,437
2026-08-22 00:12:23.597,toothbrush,0.76,219,197,370,436
2026-08-22 00:12:23.597,person,0.75,79,41,640,479
2026-08-22 00:12:23.659,toothbrush,0.76,219,197,370,436
2026-08-22 00:12:23.660,person,0.75,79,41,640,479
2026-08-22 00:12:23.725,toothbrush,0.77,193,197,369,439
2026-08-22 00:12:23.725,person,0.71,103,41,640,479
2026-08-22 00:12:23.786,person,0.73,121,38,638,480
2026-08-22 00:12:23.786,toothbrush,0.49,187,197,370,439
2026-08-22 00:12:23.847,person,0.73,121,38,638,480
2026-08-22 00:12:23.847,toothbrush,0.49,187,197,370,439
2026-08-22 00:12:23.910,person,0.74,105,44,640,479
2026-08-22 00:12:23.910,toothbrush,0.59,220,198,365,436
2026-08-22 00:12:23.910,baseball bat,0.26,222,200,364,432
2026-08-22 00:12:23.990,person,0.74,134,38,640,479
2026-08-22 00:12:23.990,toothbrush,0.37,199,198,366,438
2026-08-22 00:12:24.054,person,0.74,134,38,640,479
2026-08-22 00:12:24.054,toothbrush,0.37,199,198,366,438
2026-08-22 00:12:24.116,person,0.62,134,11,638,479
2026-08-22 00:12:24.116,toothbrush,0.46,172,198,371,436
2026-08-22 00:12:24.173,person,0.65,127,9,640,478
2026-08-22 00:12:24.240,person,0.67,102,20,639,479
2026-08-22 00:12:24.302,person,0.67,102,20,639,479
2026-08-22 00:12:24.357,person,0.73,125,20,640,478
2026-08-22 00:12:24.419,person,0.74,131,18,640,478
2026-08-22 00:12:24.484,person,0.74,131,18,640,478
2026-08-22 00:12:24.549,person,0.70,88,14,639,478
2026-08-22 00:12:24.613,person,0.68,132,61,640,478
2026-08-22 00:12:24.676,person,0.68,132,61,640,478
2026-08-22 00:12:24.739,person,0.41,313,63,638,406
2026-08-22 00:12:24.739,person,0.41,25,0,639,480
2026-08-22 00:12:24.798,person,0.57,161,26,638,479
2026-08-22 00:12:24.798,person,0.27,298,65,633,432
2026-08-22 00:12:24.865,person,0.65,95,25,635,479
2026-08-22 00:12:24.926,person,0.73,228,50,638,478
2026-08-22 00:12:24.991,person,0.79,232,56,639,479
2026-08-22 00:12:25.050,person,0.73,232,54,638,479
2026-08-22 00:12:25.112,person,0.73,232,54,638,479
2026-08-22 00:12:25.175,person,0.47,226,59,637,477
2026-08-22 00:12:25.175,person,0.27,304,62,623,385
2026-08-22 00:12:25.247,person,0.65,228,36,638,479
2026-08-22 00:12:25.247,person,0.44,53,39,638,479
2026-08-22 00:12:25.316,person,0.65,228,36,638,479
2026-08-22 00:12:25.316,person,0.44,53,39,638,479
2026-08-22 00:12:25.370,person,0.71,214,19,637,479
2026-08-22 00:12:25.370,person,0.39,43,37,638,478
2026-08-22 00:12:25.439,person,0.71,214,19,637,479
2026-08-22 00:12:25.439,person,0.39,43,37,638,478
2026-08-22 00:12:25.501,person,0.63,220,57,638,480
2026-08-22 00:12:25.563,person,0.63,220,57,638,480
2026-08-22 00:12:25.631,person,0.67,225,48,639,479
2026-08-22 00:12:25.687,person,0.71,226,44,638,479
2026-08-22 00:12:25.749,person,0.71,226,44,638,479
2026-08-22 00:12:25.808,person,0.82,227,51,638,479
2026-08-22 00:12:25.875,person,0.86,227,54,638,479
2026-08-22 00:12:25.933,person,0.86,227,54,638,479
2026-08-22 00:12:25.987,person,0.58,129,52,638,479
2026-08-22 00:12:26.048,person,0.58,129,52,638,479
2026-08-22 00:12:26.108,person,0.83,149,60,639,479
2026-08-22 00:12:26.159,person,0.81,177,60,638,478
2026-08-22 00:12:26.218,person,0.81,177,60,638,478
2026-08-22 00:12:26.283,person,0.81,177,60,638,478
2026-08-22 00:12:26.343,person,0.88,232,60,639,478
2026-08-22 00:12:26.399,person,0.82,234,47,639,479
2026-08-22 00:12:26.458,person,0.82,234,47,639,479
2026-08-22 00:12:26.516,person,0.81,237,53,637,478
2026-08-22 00:12:26.577,person,0.82,235,56,638,478
2026-08-22 00:12:26.641,person,0.82,235,56,638,478
2026-08-22 00:12:26.706,person,0.80,247,60,637,479
2026-08-22 00:12:26.764,person,0.78,254,63,636,479
2026-08-22 00:12:26.828,person,0.83,240,59,638,479
2026-08-22 00:12:26.890,person,0.84,235,59,639,479
2026-08-22 00:12:26.947,person,0.89,233,58,638,478
2026-08-22 00:12:27.015,person,0.86,235,59,637,478
2026-08-22 00:12:27.077,person,0.86,235,59,637,478
2026-08-22 00:12:27.140,person,0.86,235,59,637,478
2026-08-22 00:12:27.200,person,0.86,235,59,637,478
2026-08-22 00:12:27.267,person,0.81,234,48,638,479
2026-08-22 00:12:27.326,person,0.81,209,52,638,478
2026-08-22 00:12:27.326,chair,0.27,234,341,302,479
2026-08-22 00:12:27.387,person,0.81,209,52,638,478
2026-08-22 00:12:27.387,chair,0.27,234,341,302,479
2026-08-22 00:12:27.453,person,0.84,234,51,638,479
2026-08-22 00:12:27.453,chair,0.27,233,325,309,479
2026-08-22 00:12:27.516,person,0.87,237,50,638,480
2026-08-22 00:12:27.516,chair,0.41,233,328,304,479
2026-08-22 00:12:27.581,person,0.82,220,50,636,479
2026-08-22 00:12:27.581,chair,0.27,233,329,302,479
2026-08-22 00:12:27.639,person,0.85,229,52,638,479
2026-08-22 00:12:27.639,chair,0.28,233,329,301,479
2026-08-22 00:12:27.697,person,0.86,232,52,637,479
2026-08-22 00:12:27.697,chair,0.28,233,331,301,479
2026-08-22 00:12:27.757,person,0.85,232,52,638,479
2026-08-22 00:12:27.757,chair,0.35,233,329,305,479
2026-08-22 00:12:27.830,person,0.84,229,52,637,479
2026-08-22 00:12:27.831,chair,0.33,233,323,310,479
2026-08-22 00:12:27.888,person,0.84,229,52,637,479
2026-08-22 00:12:27.888,chair,0.33,233,323,310,479
2026-08-22 00:12:27.948,person,0.80,242,57,638,479
2026-08-22 00:12:28.016,person,0.80,242,57,638,479
2026-08-22 00:12:28.075,person,0.83,243,53,637,479
2026-08-22 00:12:28.075,chair,0.29,232,325,312,479
2026-08-22 00:12:28.140,person,0.80,247,61,638,479
2026-08-22 00:12:28.141,chair,0.37,231,324,312,479
2026-08-22 00:12:28.201,person,0.80,247,61,638,479
2026-08-22 00:12:28.201,chair,0.37,231,324,312,479
2026-08-22 00:12:28.263,person,0.80,236,53,638,480
2026-08-22 00:12:28.263,chair,0.42,232,325,312,479
2026-08-22 00:12:28.324,person,0.80,236,53,638,480
2026-08-22 00:12:28.324,chair,0.42,232,325,312,479
2026-08-22 00:12:28.390,person,0.79,233,61,636,478
2026-08-22 00:12:28.463,person,0.82,191,52,638,478
2026-08-22 00:12:28.524,person,0.82,191,52,638,478
2026-08-22 00:12:28.591,person,0.83,60,34,639,479
2026-08-22 00:12:28.656,person,0.83,60,34,639,479
2026-08-22 00:12:28.716,person,0.74,215,53,638,480
2026-08-22 00:12:28.776,person,0.75,220,38,638,479
2026-08-22 00:12:28.840,person,0.75,220,38,638,479
2026-08-22 00:12:28.904,person,0.60,132,45,638,479
2026-08-22 00:12:28.969,person,0.57,132,50,638,479
2026-08-22 00:12:29.025,person,0.62,83,58,638,479
2026-08-22 00:12:29.025,chair,0.27,236,308,385,432
2026-08-22 00:12:29.092,person,0.63,168,29,638,479
2026-08-22 00:12:29.156,person,0.63,168,29,638,479
2026-08-22 00:12:29.215,person,0.60,221,32,638,479
2026-08-22 00:12:29.277,person,0.60,221,32,638,479
2026-08-22 00:12:29.337,person,0.63,216,48,639,479
2026-08-22 00:12:29.401,person,0.68,224,48,638,479
2026-08-22 00:12:29.465,person,0.68,224,48,638,479
2026-08-22 00:12:29.525,person,0.74,231,47,638,479
2026-08-22 00:12:29.598,person,0.74,231,47,638,479
2026-08-22 00:12:29.675,person,0.70,225,41,638,479
2026-08-22 00:12:29.743,person,0.71,224,23,638,479
2026-08-22 00:12:29.801,person,0.71,224,23,638,479
2026-08-22 00:12:29.863,person,0.63,215,43,638,479
2026-08-22 00:12:29.938,person,0.73,220,47,639,479
2026-08-22 00:12:29.992,person,0.73,220,47,639,479
2026-08-22 00:12:30.059,person,0.68,224,48,638,479
2026-08-22 00:12:30.118,person,0.68,224,48,638,479
2026-08-22 00:12:30.183,person,0.68,219,50,638,479
2026-08-22 00:12:30.239,person,0.67,227,47,639,478
2026-08-22 00:12:30.297,person,0.79,232,50,638,479
2026-08-22 00:12:30.363,person,0.74,229,48,639,479
2026-08-22 00:12:30.424,person,0.74,229,48,639,479
2026-08-22 00:12:30.494,person,0.80,233,46,639,479
2026-08-22 00:12:30.556,person,0.69,217,55,638,480
2026-08-22 00:12:30.622,person,0.66,224,44,639,479
2026-08-22 00:12:30.678,person,0.79,232,48,638,479
2026-08-22 00:12:30.739,person,0.79,232,48,638,479
2026-08-22 00:12:30.807,person,0.73,222,59,638,479
2026-08-22 00:12:30.863,person,0.69,214,49,638,479
2026-08-22 00:12:30.932,person,0.69,214,49,638,479
2026-08-22 00:12:30.986,person,0.77,225,46,638,479
2026-08-22 00:12:31.057,person,0.63,184,46,638,479
2026-08-22 00:12:31.118,person,0.63,184,46,638,479
2026-08-22 00:12:31.176,person,0.63,184,46,638,479
2026-08-22 00:12:31.238,person,0.78,227,50,638,479
2026-08-22 00:12:31.303,person,0.73,205,63,638,480
2026-08-22 00:12:31.303,chair,0.28,234,307,382,453
2026-08-22 00:12:31.366,person,0.73,205,63,638,480
2026-08-22 00:12:31.366,chair,0.28,234,307,382,453
2026-08-22 00:12:31.429,person,0.71,223,48,639,479
2026-08-22 00:12:31.495,person,0.73,227,46,638,479
2026-08-22 00:12:31.552,person,0.73,227,46,638,479
2026-08-22 00:12:31.617,person,0.73,211,43,638,479
2026-08-22 00:12:31.675,person,0.73,211,43,638,479
2026-08-22 00:12:31.725,person,0.79,221,46,634,479
2026-08-22 00:12:31.786,person,0.73,224,42,639,479
2026-08-22 00:12:31.850,person,0.72,219,46,638,479
2026-08-22 00:12:31.850,chair,0.32,234,308,381,452
2026-08-22 00:12:31.910,person,0.79,225,38,638,479
2026-08-22 00:12:31.910,chair,0.28,234,307,381,449
2026-08-22 00:12:31.974,person,0.79,225,38,638,479
2026-08-22 00:12:31.974,chair,0.28,234,307,381,449
2026-08-22 00:12:32.034,person,0.76,231,48,633,479
2026-08-22 00:12:32.034,chair,0.34,232,308,361,480
2026-08-22 00:12:32.103,person,0.57,296,54,623,479
2026-08-22 00:12:32.103,chair,0.37,232,310,359,480
2026-08-22 00:12:32.157,person,0.57,296,54,623,479
2026-08-22 00:12:32.157,chair,0.37,232,310,359,480
2026-08-22 00:12:32.223,person,0.66,329,54,607,479
2026-08-22 00:12:32.223,chair,0.46,232,310,357,480
2026-08-22 00:12:32.282,person,0.66,329,54,607,479
2026-08-22 00:12:32.282,chair,0.46,232,310,357,480
2026-08-22 00:12:32.343,person,0.62,244,55,583,479
2026-08-22 00:12:32.408,person,0.62,244,55,583,479
2026-08-22 00:12:32.469,person,0.65,327,55,639,478
2026-08-22 00:12:32.535,person,0.37,58,323,355,479
2026-08-22 00:12:32.535,person,0.34,320,58,631,478
2026-08-22 00:12:32.596,person,0.37,58,323,355,479
2026-08-22 00:12:32.596,person,0.34,320,58,631,478
2026-08-22 00:12:32.657,dog,0.39,301,56,557,478
2026-08-22 00:12:32.737,dog,0.70,295,54,555,478
2026-08-22 00:12:32.796,dog,0.70,295,54,555,478
2026-08-22 00:12:32.860,dog,0.51,293,53,605,478
2026-08-22 00:12:32.860,person,0.39,295,56,633,478
2026-08-22 00:12:32.860,dog,0.26,295,131,560,478
2026-08-22 00:12:32.860,person,0.26,58,324,364,479
2026-08-22 00:12:32.924,dog,0.51,293,53,605,478
2026-08-22 00:12:32.924,person,0.39,295,56,633,478
2026-08-22 00:12:32.924,dog,0.26,295,131,560,478
2026-08-22 00:12:32.924,person,0.26,58,324,364,479
2026-08-22 00:12:32.987,dog,0.57,288,57,585,477
2026-08-22 00:12:32.987,person,0.31,288,59,633,479
2026-08-22 00:12:33.050,person,0.61,286,53,637,478
2026-08-22 00:12:33.050,dog,0.31,277,53,607,479
2026-08-22 00:12:33.109,person,0.73,277,52,639,479
2026-08-22 00:12:33.161,person,0.81,268,52,635,478
2026-08-22 00:12:33.224,person,0.81,268,52,635,478
2026-08-22 00:12:33.281,person,0.79,264,52,635,479
2026-08-22 00:12:33.345,person,0.78,269,51,578,478
2026-08-22 00:12:33.397,person,0.75,257,44,581,478
2026-08-22 00:12:33.457,person,0.78,255,53,637,479
2026-08-22 00:12:33.515,person,0.78,255,53,637,479
2026-08-22 00:12:33.580,person,0.76,265,51,635,478
2026-08-22 00:12:33.647,person,0.56,263,52,637,478
2026-08-22 00:12:33.647,person,0.33,355,52,560,334
2026-08-22 00:12:33.703,person,0.56,263,52,637,478
2026-08-22 00:12:33.703,person,0.33,355,52,560,334
2026-08-22 00:12:33.764,person,0.63,261,53,638,478
2026-08-22 00:12:33.828,person,0.63,261,53,638,478
2026-08-22 00:12:33.889,person,0.69,257,52,630,478
2026-08-22 00:12:33.950,person,0.69,257,52,630,478
2026-08-22 00:12:34.010,person,0.75,243,54,639,477
2026-08-22 00:12:34.075,person,0.69,244,53,635,477
2026-08-22 00:12:34.138,person,0.69,244,53,635,477
2026-08-22 00:12:34.190,person,0.75,239,55,632,478
2026-08-22 00:12:34.248,person,0.75,239,55,632,478
2026-08-22 00:12:34.311,person,0.59,352,54,576,383
2026-08-22 00:12:34.376,person,0.43,353,53,606,389
2026-08-22 00:12:34.377,person,0.29,229,52,624,480
2026-08-22 00:12:34.442,person,0.43,353,53,606,389
2026-08-22 00:12:34.443,person,0.29,229,52,624,480
2026-08-22 00:12:34.496,person,0.53,234,53,591,478
2026-08-22 00:12:34.496,person,0.50,353,54,596,401
2026-08-22 00:12:34.496,person,0.25,235,186,581,479
2026-08-22 00:12:34.560,person,0.60,239,54,602,477
2026-08-22 00:12:34.560,person,0.37,236,170,574,479
2026-08-22 00:12:34.618,person,0.60,239,54,602,477
2026-08-22 00:12:34.618,person,0.37,236,170,574,479
2026-08-22 00:12:34.684,person,0.60,239,54,602,477
2026-08-22 00:12:34.684,person,0.37,236,170,574,479
2026-08-22 00:12:34.744,person,0.41,265,51,638,477
2026-08-22 00:12:34.808,person,0.57,274,52,636,478
2026-08-22 00:12:34.871,person,0.57,274,52,636,478
2026-08-22 00:12:34.930,dog,0.55,292,134,562,479
2026-08-22 00:12:34.930,dog,0.36,292,51,626,477
2026-08-22 00:12:34.930,person,0.30,294,50,637,478
2026-08-22 00:12:34.993,person,0.43,295,41,638,478
2026-08-22 00:12:34.993,dog,0.39,295,138,560,479
2026-08-22 00:12:35.048,person,0.43,295,41,638,478
2026-08-22 00:12:35.048,dog,0.39,295,138,560,479
2026-08-22 00:12:35.109,person,0.42,292,51,632,476
2026-08-22 00:12:35.109,dog,0.29,294,129,562,477
2026-08-22 00:12:35.169,person,0.48,298,51,636,476
2026-08-22 00:12:35.169,dog,0.26,300,130,561,478
2026-08-22 00:12:35.226,person,0.42,297,52,636,475
2026-08-22 00:12:35.226,person,0.25,361,52,613,374
2026-08-22 00:12:35.290,dog,0.65,296,132,565,479
2026-08-22 00:12:35.290,person,0.45,295,52,626,475
2026-08-22 00:12:35.290,person,0.34,358,51,605,404
2026-08-22 00:12:35.356,dog,0.77,295,135,562,479
2026-08-22 00:12:35.356,person,0.48,319,52,633,476
2026-08-22 00:12:35.356,person,0.38,361,51,606,368
2026-08-22 00:12:35.415,person,0.49,291,50,636,477
2026-08-22 00:12:35.415,dog,0.40,289,133,629,478
2026-08-22 00:12:35.478,person,0.49,291,50,636,477
2026-08-22 00:12:35.478,dog,0.40,289,133,629,478
2026-08-22 00:12:35.540,person,0.43,292,105,635,477
2026-08-22 00:12:35.541,person,0.35,353,50,606,469
2026-08-22 00:12:35.541,person,0.32,361,50,599,358
2026-08-22 00:12:35.603,skateboard,0.60,292,132,564,478
2026-08-22 00:12:35.603,person,0.36,263,51,610,475
2026-08-22 00:12:35.665,skateboard,0.60,292,132,564,478
2026-08-22 00:12:35.665,person,0.36,263,51,610,475
2026-08-22 00:12:35.720,dog,0.49,288,132,549,478
2026-08-22 00:12:35.720,person,0.34,324,51,609,476
2026-08-22 00:12:35.783,dog,0.49,288,132,549,478
2026-08-22 00:12:35.784,person,0.34,324,51,609,476
2026-08-22 00:12:35.851,dog,0.39,288,130,561,478
2026-08-22 00:12:35.851,person,0.32,290,51,636,477
2026-08-22 00:12:35.851,dog,0.30,288,53,613,478
2026-08-22 00:12:35.913,person,0.35,286,32,638,477
2026-08-22 00:12:35.913,dog,0.29,289,128,554,478
2026-08-22 00:12:35.981,skateboard,0.46,287,129,556,479
2026-08-22 00:12:35.981,person,0.33,292,51,638,476
2026-08-22 00:12:36.101,person,0.52,237,360,363,479
2026-08-22 00:12:36.101,chair,0.26,235,317,341,447
2026-08-22 00:12:36.161,skateboard,0.63,311,130,545,479
2026-08-22 00:12:36.161,person,0.30,353,52,629,474
2026-08-22 00:12:36.244,skateboard,0.72,318,141,540,476
2026-08-22 00:12:36.307,skateboard,0.72,318,141,540,476
2026-08-22 00:12:36.366,person,0.27,353,53,637,471
2026-08-22 00:12:36.423,person,0.27,353,53,637,471
2026-08-22 00:12:36.481,person,0.67,315,52,636,479
2026-08-22 00:12:36.481,skateboard,0.28,323,158,540,467
2026-08-22 00:12:36.533,person,0.69,323,52,602,478
2026-08-22 00:12:36.533,skateboard,0.34,327,164,532,458
2026-08-22 00:12:36.599,person,0.69,323,52,602,478
2026-08-22 00:12:36.599,skateboard,0.34,327,164,532,458
2026-08-22 00:12:36.658,person,0.71,329,54,599,479
2026-08-22 00:12:36.658,skateboard,0.35,330,164,548,453
2026-08-22 00:12:36.716,person,0.71,329,54,599,479
2026-08-22 00:12:36.716,skateboard,0.35,330,164,548,453
2026-08-22 00:12:36.780,person,0.68,332,52,591,479
2026-08-22 00:12:36.781,skateboard,0.36,330,162,538,447
2026-08-22 00:12:36.833,person,0.68,332,52,591,479
2026-08-22 00:12:36.833,skateboard,0.36,330,162,538,447
2026-08-22 00:12:36.892,person,0.68,329,52,602,479
2026-08-22 00:12:36.892,skateboard,0.30,338,166,548,441
2026-08-22 00:12:36.949,person,0.67,332,52,595,479
2026-08-22 00:12:36.949,skateboard,0.28,338,165,548,440
2026-08-22 00:12:37.011,person,0.67,332,52,595,479
2026-08-22 00:12:37.012,skateboard,0.28,338,165,548,440
2026-08-22 00:12:37.075,person,0.55,339,51,604,476
2026-08-22 00:12:37.075,skateboard,0.30,342,167,527,431
2026-08-22 00:12:37.139,person,0.59,333,50,593,473
2026-08-22 00:12:37.190,person,0.59,333,50,593,473
2026-08-22 00:12:37.248,person,0.60,335,52,596,477
2026-08-22 00:12:37.309,person,0.60,335,52,596,477
2026-08-22 00:12:37.372,person,0.63,336,52,601,474
2026-08-22 00:12:37.429,person,0.63,336,52,601,474
2026-08-22 00:12:37.487,person,0.59,327,52,594,474
2026-08-22 00:12:37.548,person,0.59,327,52,594,474
2026-08-22 00:12:37.612,person,0.60,332,53,592,476
2026-08-22 00:12:37.671,person,0.54,336,52,581,462
2026-08-22 00:12:37.733,person,0.54,336,52,581,462
2026-08-22 00:12:37.787,person,0.57,335,52,578,461
2026-08-22 00:12:37.846,person,0.36,336,52,579,464
2026-08-22 00:12:37.908,person,0.36,336,52,579,464
2026-08-22 00:12:37.968,person,0.59,312,52,582,478
2026-08-22 00:12:38.027,person,0.59,312,52,582,478
2026-08-22 00:12:38.095,person,0.62,297,52,578,477
2026-08-22 00:12:38.096,chair,0.26,233,307,375,457
2026-08-22 00:12:38.156,person,0.70,319,51,595,478
2026-08-22 00:12:38.216,person,0.32,319,51,584,471
2026-08-22 00:12:38.216,person,0.25,236,51,620,478
2026-08-22 00:12:38.278,person,0.40,253,134,507,479
2026-08-22 00:12:38.278,person,0.39,356,52,581,474
2026-08-22 00:12:38.278,person,0.31,328,159,505,478
2026-08-22 00:12:38.347,person,0.40,253,134,507,479
2026-08-22 00:12:38.347,person,0.39,356,52,581,474
2026-08-22 00:12:38.347,person,0.31,328,159,505,478
2026-08-22 00:12:38.407,person,0.47,336,58,637,479
2026-08-22 00:12:38.486,person,0.67,222,56,639,478
2026-08-22 00:12:38.547,person,0.67,222,56,639,478
2026-08-22 00:12:38.610,person,0.77,221,52,638,479
2026-08-22 00:12:38.610,chair,0.43,233,312,376,478
2026-08-22 00:12:38.677,person,0.77,221,52,638,479
2026-08-22 00:12:38.677,chair,0.43,233,312,376,478
2026-08-22 00:12:38.737,person,0.86,242,48,639,479
2026-08-22 00:12:38.737,chair,0.49,232,313,384,480
2026-08-22 00:12:38.796,person,0.86,242,48,639,479
2026-08-22 00:12:38.796,chair,0.49,232,313,384,480
2026-08-22 00:12:38.860,person,0.88,232,55,639,478
2026-08-22 00:12:38.860,cell phone,0.41,388,233,428,309
2026-08-22 00:12:38.860,chair,0.37,233,315,363,479
2026-08-22 00:12:38.860,cell phone,0.30,388,235,413,303
2026-08-22 00:12:38.923,person,0.82,235,45,636,479
2026-08-22 00:12:38.981,person,0.82,235,45,636,479
2026-08-22 00:12:39.046,person,0.55,251,50,563,478
2026-08-22 00:12:39.104,person,0.58,263,44,630,478
2026-08-22 00:12:39.166,person,0.58,263,44,630,478
2026-08-22 00:12:39.234,person,0.65,244,49,633,478
2026-08-22 00:12:39.294,person,0.65,244,49,633,478
2026-08-22 00:12:39.359,person,0.70,253,52,635,478
2026-08-22 00:12:39.418,person,0.69,264,52,635,478
2026-08-22 00:12:39.485,person,0.71,276,40,637,478
2026-08-22 00:12:39.540,person,0.73,267,48,636,478
2026-08-22 00:12:39.601,person,0.73,267,48,636,478
2026-08-22 00:12:39.664,person,0.60,276,36,637,478
2026-08-22 00:12:39.730,person,0.75,262,29,638,478
2026-08-22 00:12:39.730,cell phone,0.40,329,324,428,375
2026-08-22 00:12:39.792,person,0.75,262,29,638,478
2026-08-22 00:12:39.792,cell phone,0.40,329,324,428,375
2026-08-22 00:12:39.855,person,0.75,256,37,637,478
2026-08-22 00:12:39.916,person,0.75,256,37,637,478
2026-08-22 00:12:39.978,person,0.70,268,49,623,478
2026-08-22 00:12:40.045,person,0.76,272,48,637,478
2026-08-22 00:12:40.104,person,0.76,272,48,637,478
2026-08-22 00:12:40.167,person,0.72,273,47,637,478
2026-08-22 00:12:40.223,person,0.72,273,47,637,478
2026-08-22 00:12:40.275,person,0.69,273,35,637,478
2026-08-22 00:12:40.275,cell phone,0.45,324,324,426,376
2026-08-22 00:12:40.337,person,0.69,273,35,637,478
2026-08-22 00:12:40.337,cell phone,0.45,324,324,426,376
2026-08-22 00:12:40.389,person,0.74,273,44,639,478
2026-08-22 00:12:40.390,cell phone,0.69,324,325,427,378
2026-08-22 00:12:40.450,person,0.74,273,40,638,479
2026-08-22 00:12:40.450,cell phone,0.70,324,324,429,379
2026-08-22 00:12:40.512,person,0.74,273,40,638,479
2026-08-22 00:12:40.512,cell phone,0.70,324,324,429,379
2026-08-22 00:12:40.574,person,0.71,272,40,639,479
2026-08-22 00:12:40.574,cell phone,0.48,325,318,431,379
2026-08-22 00:12:40.630,person,0.71,272,40,639,479
2026-08-22 00:12:40.631,cell phone,0.48,325,318,431,379
2026-08-22 00:12:40.682,person,0.74,271,39,639,479
2026-08-22 00:12:40.682,cell phone,0.53,327,307,431,383
2026-08-22 00:12:40.741,cell phone,0.74,325,301,434,382
2026-08-22 00:12:40.741,person,0.73,266,33,638,478
2026-08-22 00:12:40.791,cell phone,0.74,325,301,434,382
2026-08-22 00:12:40.791,person,0.73,266,33,638,478
2026-08-22 00:12:40.858,person,0.81,271,48,638,478
2026-08-22 00:12:40.858,cell phone,0.76,327,294,436,384
2026-08-22 00:12:40.927,cell phone,0.80,326,292,437,383
2026-08-22 00:12:40.927,person,0.78,275,43,638,478
2026-08-22 00:12:40.992,cell phone,0.80,326,292,437,383
2026-08-22 00:12:40.992,person,0.78,275,43,638,478
2026-08-22 00:12:41.044,cell phone,0.80,326,292,437,383
2026-08-22 00:12:41.044,person,0.78,275,43,638,478
2026-08-22 00:12:41.104,cell phone,0.87,327,287,439,383
2026-08-22 00:12:41.104,person,0.81,272,47,638,478
2026-08-22 00:12:41.164,person,0.79,270,42,638,478
2026-08-22 00:12:41.164,cell phone,0.56,328,277,440,383
2026-08-22 00:12:41.217,person,0.79,270,42,638,478
2026-08-22 00:12:41.218,cell phone,0.56,328,277,440,383
2026-08-22 00:12:41.266,person,0.76,274,30,638,478
2026-08-22 00:12:41.266,cell phone,0.54,325,260,444,385
2026-08-22 00:12:41.331,person,0.76,274,30,638,478
2026-08-22 00:12:41.331,cell phone,0.54,325,260,444,385
2026-08-22 00:12:41.399,person,0.85,268,45,637,479
2026-08-22 00:12:41.399,cell phone,0.78,324,224,455,389
2026-08-22 00:12:41.461,cell phone,0.88,325,223,457,390
2026-08-22 00:12:41.461,person,0.81,226,36,639,479
2026-08-22 00:12:41.527,person,0.83,239,39,639,478
2026-08-22 00:12:41.527,cell phone,0.52,326,222,457,390
2026-08-22 00:12:41.585,person,0.82,223,43,638,479
2026-08-22 00:12:41.585,cell phone,0.32,326,218,453,392
2026-08-22 00:12:41.642,person,0.82,223,43,638,479
2026-08-22 00:12:41.642,cell phone,0.32,326,218,453,392
2026-08-22 00:12:41.709,person,0.60,225,37,638,478
2026-08-22 00:12:41.709,person,0.36,323,51,617,478
2026-08-22 00:12:41.774,person,0.63,250,41,638,478
2026-08-22 00:12:41.774,person,0.48,363,51,633,477
2026-08-22 00:12:41.774,wine glass,0.26,322,190,462,398
2026-08-22 00:12:41.838,person,0.63,250,41,638,478
2026-08-22 00:12:41.838,person,0.48,363,51,633,477
2026-08-22 00:12:41.838,wine glass,0.26,322,190,462,398
2026-08-22 00:12:41.899,person,0.67,255,43,637,478
2026-08-22 00:12:41.957,person,0.67,255,43,637,478
2026-08-22 00:12:42.022,person,0.63,266,51,620,478
2026-08-22 00:12:42.083,person,0.43,241,45,638,478
2026-08-22 00:12:42.147,person,0.43,241,45,638,478
2026-08-22 00:12:42.209,person,0.55,268,52,582,479
2026-08-22 00:12:42.271,person,0.63,256,33,637,478
2026-08-22 00:12:42.271,person,0.28,321,52,571,472
2026-08-22 00:12:42.337,person,0.56,259,40,638,478
2026-08-22 00:12:42.337,person,0.27,322,52,592,476
2026-08-22 00:12:42.396,person,0.62,268,50,636,480
2026-08-22 00:12:42.397,cell phone,0.37,325,183,471,418
2026-08-22 00:12:42.460,person,0.62,268,50,636,480
2026-08-22 00:12:42.460,cell phone,0.37,325,183,471,418
2026-08-22 00:12:42.519,person,0.49,271,49,636,480
2026-08-22 00:12:42.519,cell phone,0.29,327,186,473,415
2026-08-22 00:12:42.585,person,0.49,271,49,636,480
2026-08-22 00:12:42.585,cell phone,0.29,327,186,473,415
2026-08-22 00:12:42.645,person,0.55,302,51,623,478
2026-08-22 00:12:42.704,person,0.79,271,44,637,478
2026-08-22 00:12:42.767,person,0.79,271,44,637,478
2026-08-22 00:12:42.829,person,0.53,264,24,608,478
2026-08-22 00:12:42.896,person,0.47,262,20,569,477
2026-08-22 00:12:42.956,person,0.47,262,20,569,477
2026-08-22 00:12:43.017,person,0.31,325,50,570,409
2026-08-22 00:12:43.017,person,0.26,239,97,555,479
2026-08-22 00:12:43.083,person,0.73,283,51,638,479
2026-08-22 00:12:43.138,person,0.65,258,51,640,479
2026-08-22 00:12:43.207,person,0.65,258,51,640,479
2026-08-22 00:12:43.271,person,0.57,332,70,638,478
2026-08-22 00:12:43.272,chair,0.31,233,314,383,479
2026-08-22 00:12:43.329,person,0.40,288,63,639,478
2026-08-22 00:12:43.381,person,0.40,288,63,639,478
2026-08-22 00:12:43.442,person,0.50,254,63,637,479
2026-08-22 00:12:43.501,person,0.50,254,63,637,479
2026-08-22 00:12:43.567,person,0.38,284,73,638,479
2026-08-22 00:12:43.622,person,0.38,284,73,638,479
2026-08-22 00:12:43.694,person,0.48,291,73,638,479
2026-08-22 00:12:43.756,person,0.62,295,84,638,479
2026-08-22 00:12:43.756,person,0.31,298,83,522,479
2026-08-22 00:12:43.815,person,0.62,295,84,638,479
2026-08-22 00:12:43.815,person,0.31,298,83,522,479
2026-08-22 00:12:43.867,person,0.33,430,171,639,479
2026-08-22 00:12:43.867,person,0.28,302,97,509,478
2026-08-22 00:12:43.937,person,0.26,302,121,516,478
2026-08-22 00:12:43.999,person,0.26,302,121,516,478
2026-08-22 00:12:44.063,person,0.48,231,76,522,480
2026-08-22 00:12:44.063,person,0.39,428,175,639,478
2026-08-22 00:12:44.125,person,0.48,231,76,522,480
2026-08-22 00:12:44.125,person,0.39,428,175,639,478
2026-08-22 00:12:44.190,person,0.43,431,178,639,479
2026-08-22 00:12:44.190,person,0.33,308,83,514,476
2026-08-22 00:12:44.190,person,0.30,218,72,527,478
2026-08-22 00:12:44.252,person,0.54,442,173,639,478
2026-08-22 00:12:44.252,person,0.41,305,72,515,478
2026-08-22 00:12:44.311,person,0.42,251,71,534,478
2026-08-22 00:12:44.311,person,0.27,484,171,639,477
2026-08-22 00:12:44.311,person,0.25,52,32,635,478
2026-08-22 00:12:44.375,person,0.60,235,8,639,479
2026-08-22 00:12:44.375,person,0.31,241,73,553,478
2026-08-22 00:12:44.433,person,0.60,235,8,639,479
2026-08-22 00:12:44.433,person,0.31,241,73,553,478
2026-08-22 00:12:44.498,person,0.60,290,68,638,479
2026-08-22 00:12:44.498,chair,0.27,233,310,391,479
2026-08-22 00:12:44.564,person,0.55,274,6,635,478
2026-08-22 00:12:44.624,person,0.55,274,6,635,478
2026-08-22 00:12:44.690,person,0.34,304,64,513,465
2026-08-22 00:12:44.750,person,0.34,304,64,513,465
2026-08-22 00:12:44.813,person,0.70,208,41,640,479
2026-08-22 00:12:44.870,person,0.59,184,42,639,479
2026-08-22 00:12:44.936,person,0.59,184,42,639,479
2026-08-22 00:12:44.993,person,0.60,123,61,639,478
2026-08-22 00:12:45.057,person,0.78,102,64,639,479
2026-08-22 00:12:45.117,person,0.78,102,64,639,479
2026-08-22 00:12:45.183,person,0.78,102,64,639,479
2026-08-22 00:12:45.243,person,0.71,122,65,639,478
2026-08-22 00:12:45.309,person,0.69,89,64,638,479
2026-08-22 00:12:45.309,person,0.56,237,17,639,479
2026-08-22 00:12:45.309,tv,0.26,353,0,468,71
2026-08-22 00:12:45.374,person,0.69,89,64,638,479
2026-08-22 00:12:45.374,person,0.56,237,17,639,479
2026-08-22 00:12:45.374,tv,0.26,353,0,468,71
2026-08-22 00:12:45.430,person,0.65,97,66,639,479
2026-08-22 00:12:45.430,person,0.61,248,17,639,479
2026-08-22 00:12:45.495,person,0.71,84,64,639,479
2026-08-22 00:12:45.495,person,0.58,242,23,639,479
2026-08-22 00:12:45.560,person,0.71,84,64,639,479
2026-08-22 00:12:45.560,person,0.58,242,23,639,479
2026-08-22 00:12:45.615,person,0.60,85,65,639,479
2026-08-22 00:12:45.616,person,0.53,249,19,639,479
2026-08-22 00:12:45.669,person,0.60,85,65,639,479
2026-08-22 00:12:45.669,person,0.53,249,19,639,479
2026-08-22 00:12:45.731,person,0.65,267,66,639,479
2026-08-22 00:12:45.731,cell phone,0.42,152,249,282,479
2026-08-22 00:12:45.792,person,0.65,270,66,638,479
2026-08-22 00:12:45.792,cell phone,0.52,152,248,285,479
2026-08-22 00:12:45.792,person,0.36,122,32,640,479
2026-08-22 00:12:45.853,person,0.62,271,67,638,479
2026-08-22 00:12:45.853,person,0.54,90,15,638,479
2026-08-22 00:12:45.853,cell phone,0.53,154,245,288,479
2026-08-22 00:12:45.910,person,0.73,277,66,639,480
2026-08-22 00:12:45.975,person,0.73,277,66,639,480
2026-08-22 00:12:46.033,person,0.65,127,45,640,479
2026-08-22 00:12:46.033,person,0.40,0,1,191,477
2026-08-22 00:12:46.097,person,0.75,121,54,640,479
2026-08-22 00:12:46.097,person,0.30,0,0,189,477
2026-08-22 00:12:46.097,person,0.26,290,64,637,478
2026-08-22 00:12:46.164,person,0.75,121,54,640,479
2026-08-22 00:12:46.165,person,0.30,0,0,189,477
2026-08-22 00:12:46.165,person,0.26,290,64,637,478
2026-08-22 00:12:46.227,person,0.81,82,47,639,479
2026-08-22 00:12:46.227,cell phone,0.62,299,309,385,404
2026-08-22 00:12:46.289,person,0.81,82,47,639,479
2026-08-22 00:12:46.289,cell phone,0.62,299,309,385,404
2026-08-22 00:12:46.348,person,0.65,76,56,638,479
2026-08-22 00:12:46.348,person,0.42,247,65,639,479
2026-08-22 00:12:46.349,person,0.28,66,132,313,478
2026-08-22 00:12:46.402,person,0.65,76,56,638,479
2026-08-22 00:12:46.402,person,0.42,247,65,639,479
2026-08-22 00:12:46.402,person,0.28,66,132,313,478
2026-08-22 00:12:46.452,person,0.72,124,51,638,479
2026-08-22 00:12:46.517,person,0.84,139,49,639,479
2026-08-22 00:12:46.584,person,0.72,139,52,638,479
2026-08-22 00:12:46.644,person,0.81,132,49,639,479
2026-08-22 00:12:46.644,cell phone,0.28,305,308,386,360
2026-08-22 00:12:46.706,person,0.81,132,49,639,479
2026-08-22 00:12:46.706,cell phone,0.28,305,308,386,360
2026-08-22 00:12:46.766,person,0.70,132,43,638,479
2026-08-22 00:12:46.827,person,0.50,111,51,637,479
2026-08-22 00:12:46.827,person,0.39,288,65,639,479
2026-08-22 00:12:46.893,person,0.50,111,51,637,479
2026-08-22 00:12:46.894,person,0.39,288,65,639,479
2026-08-22 00:12:46.959,person,0.69,130,52,638,479
2026-08-22 00:12:47.017,person,0.83,131,62,639,479
2026-08-22 00:12:47.081,person,0.83,131,62,639,479
2026-08-22 00:12:47.142,person,0.83,131,49,639,479
2026-08-22 00:12:47.195,person,0.86,117,59,639,478
2026-08-22 00:12:47.195,cell phone,0.71,190,132,311,355
2026-08-22 00:12:47.252,person,0.89,120,61,639,478
2026-08-22 00:12:47.252,cell phone,0.62,185,130,312,356
2026-08-22 00:12:47.302,person,0.90,121,59,639,478
2026-08-22 00:12:47.302,cell phone,0.75,188,129,311,358
2026-08-22 00:12:47.361,person,0.88,114,61,639,478
2026-08-22 00:12:47.361,cell phone,0.80,189,130,311,359
2026-08-22 00:12:47.441,person,0.86,108,57,639,478
2026-08-22 00:12:47.442,cell phone,0.78,190,130,309,360
2026-08-22 00:12:47.507,person,0.86,108,57,639,478
2026-08-22 00:12:47.507,cell phone,0.78,190,130,309,360
2026-08-22 00:12:47.569,person,0.86,107,62,638,480
2026-08-22 00:12:47.569,cell phone,0.76,190,128,310,360
2026-08-22 00:12:47.624,person,0.86,107,62,638,480
2026-08-22 00:12:47.624,cell phone,0.76,190,128,310,360
2026-08-22 00:12:47.690,person,0.88,100,63,639,479
2026-08-22 00:12:47.690,cell phone,0.83,190,129,310,362
2026-08-22 00:12:47.753,person,0.84,114,61,638,478
2026-08-22 00:12:47.753,cell phone,0.74,191,130,308,361
2026-08-22 00:12:47.816,person,0.86,111,43,639,479
2026-08-22 00:12:47.817,cell phone,0.70,189,132,309,362
2026-08-22 00:12:47.874,person,0.82,103,8,638,479
2026-08-22 00:12:47.874,cell phone,0.67,183,133,309,360
2026-08-22 00:12:47.938,person,0.82,103,8,638,479
2026-08-22 00:12:47.938,cell phone,0.67,183,133,309,360
2026-08-22 00:12:47.998,person,0.87,108,48,639,478
2026-08-22 00:12:47.998,cell phone,0.72,183,129,309,360
2026-08-22 00:12:47.998,cell phone,0.55,189,237,307,360
2026-08-22 00:12:48.066,person,0.87,108,48,639,478
2026-08-22 00:12:48.067,cell phone,0.72,183,129,309,360
2026-08-22 00:12:48.067,cell phone,0.55,189,237,307,360
2026-08-22 00:12:48.127,person,0.90,103,48,639,477
2026-08-22 00:12:48.127,cell phone,0.72,185,130,309,360
2026-08-22 00:12:48.127,cell phone,0.38,189,233,307,360
2026-08-22 00:12:48.185,person,0.88,113,57,640,478
2026-08-22 00:12:48.186,cell phone,0.63,188,236,307,360
2026-08-22 00:12:48.186,cell phone,0.52,186,129,309,361
2026-08-22 00:12:48.249,person,0.88,113,57,640,478
2026-08-22 00:12:48.249,cell phone,0.63,188,236,307,360
2026-08-22 00:12:48.249,cell phone,0.52,186,129,309,361
2026-08-22 00:12:48.314,person,0.90,112,70,639,479
2026-08-22 00:12:48.314,cell phone,0.66,185,130,312,361
2026-08-22 00:12:48.379,person,0.88,115,56,639,477
2026-08-22 00:12:48.379,cell phone,0.70,185,131,312,361
2026-08-22 00:12:48.379,cell phone,0.28,190,232,310,361
2026-08-22 00:12:48.443,person,0.88,115,56,639,477
2026-08-22 00:12:48.443,cell phone,0.70,185,131,312,361
2026-08-22 00:12:48.443,cell phone,0.28,190,232,310,361
2026-08-22 00:12:48.499,person,0.87,128,13,639,479
2026-08-22 00:12:48.499,cell phone,0.51,183,131,313,361
2026-08-22 00:12:48.559,person,0.87,122,12,639,479
2026-08-22 00:12:48.559,cell phone,0.56,188,131,313,363
2026-08-22 00:12:48.622,person,0.87,122,12,639,479
2026-08-22 00:12:48.622,cell phone,0.56,188,131,313,363
2026-08-22 00:12:48.684,person,0.87,122,12,639,479
2026-08-22 00:12:48.684,cell phone,0.56,188,131,313,363
2026-08-22 00:12:48.748,person,0.78,49,4,638,479
2026-08-22 00:12:48.749,cell phone,0.34,194,134,312,371
2026-08-22 00:12:48.815,person,0.75,76,48,639,479
2026-08-22 00:12:48.873,person,0.75,76,48,639,479
2026-08-22 00:12:48.922,person,0.65,93,34,639,479
2026-08-22 00:12:48.922,person,0.44,305,63,638,478
2026-08-22 00:12:48.979,person,0.63,55,16,640,479
2026-08-22 00:12:48.979,person,0.55,308,63,638,479
2026-08-22 00:12:49.045,person,0.63,55,16,640,479
2026-08-22 00:12:49.045,person,0.55,308,63,638,479
2026-08-22 00:12:49.109,person,0.76,44,40,639,478
2026-08-22 00:12:49.175,person,0.75,71,12,639,479
2026-08-22 00:12:49.238,person,0.74,82,61,638,478
2026-08-22 00:12:49.296,person,0.79,102,60,639,478
2026-08-22 00:12:49.296,cell phone,0.58,207,164,325,409
2026-08-22 00:12:49.354,person,0.86,134,43,639,479
2026-08-22 00:12:49.354,cell phone,0.36,205,164,327,414
2026-08-22 00:12:49.405,person,0.82,137,28,639,479
2026-08-22 00:12:49.463,person,0.82,137,28,639,479
2026-08-22 00:12:49.528,person,0.75,161,47,639,479
2026-08-22 00:12:49.591,person,0.75,161,47,639,479
2026-08-22 00:12:49.657,person,0.60,201,64,638,478
2026-08-22 00:12:49.657,person,0.57,27,25,639,479
2026-08-22 00:12:49.657,cell phone,0.32,213,163,336,420
2026-08-22 00:12:49.715,person,0.59,23,65,639,479
2026-08-22 00:12:49.715,cell phone,0.41,213,162,337,448
2026-08-22 00:12:49.782,person,0.59,23,65,639,479
2026-08-22 00:12:49.782,cell phone,0.41,213,162,337,448
2026-08-22 00:12:49.845,person,0.68,115,37,640,479
2026-08-22 00:12:49.903,person,0.80,175,38,639,479
2026-08-22 00:12:49.971,person,0.63,229,62,639,479
2026-08-22 00:12:50.026,person,0.83,191,55,640,479
2026-08-22 00:12:50.093,person,0.83,191,55,640,479
2026-08-22 00:12:50.157,person,0.77,198,55,640,479
2026-08-22 00:12:50.222,person,0.77,198,55,640,479
2026-08-22 00:12:50.285,person,0.76,202,49,640,479
2026-08-22 00:12:50.285,person,0.32,58,334,316,479
2026-08-22 00:12:50.347,person,0.76,199,49,640,479
2026-08-22 00:12:50.347,person,0.25,58,334,324,479
2026-08-22 00:12:50.408,person,0.76,199,49,640,479
2026-08-22 00:12:50.408,person,0.25,58,334,324,479
2026-08-22 00:12:50.468,person,0.85,220,54,639,479
2026-08-22 00:12:50.533,person,0.78,222,40,639,479
2026-08-22 00:12:50.596,person,0.64,231,10,639,479
2026-08-22 00:12:50.658,person,0.74,232,33,639,479
2026-08-22 00:12:50.658,cell phone,0.55,309,258,381,398
2026-08-22 00:12:50.658,cell phone,0.29,311,259,377,345
2026-08-22 00:12:50.717,person,0.74,232,33,639,479
2026-08-22 00:12:50.717,cell phone,0.55,309,258,381,398
2026-08-22 00:12:50.717,cell phone,0.29,311,259,377,345
2026-08-22 00:12:50.778,person,0.72,225,71,639,479
2026-08-22 00:12:50.843,person,0.72,225,71,639,479
2026-08-22 00:12:50.901,person,0.66,230,48,640,479
2026-08-22 00:12:50.961,person,0.60,234,53,638,479
2026-08-22 00:12:51.029,person,0.60,234,53,638,479
2026-08-22 00:12:51.088,person,0.69,232,52,638,479
2026-08-22 00:12:51.088,person,0.33,37,12,634,479
2026-08-22 00:12:51.146,person,0.50,210,46,639,478
2026-08-22 00:12:51.146,person,0.31,52,60,626,479
2026-08-22 00:12:51.218,person,0.50,210,46,639,478
2026-08-22 00:12:51.218,person,0.31,52,60,626,479
2026-08-22 00:12:51.276,person,0.50,210,46,639,478
2026-08-22 00:12:51.276,person,0.31,52,60,626,479
2026-08-22 00:12:51.337,person,0.56,223,44,639,479
2026-08-22 00:12:51.337,person,0.42,46,38,637,478
2026-08-22 00:12:51.401,person,0.64,227,26,640,478
2026-08-22 00:12:51.469,person,0.64,227,26,640,478
2026-08-22 00:12:51.526,person,0.72,231,34,640,479
2026-08-22 00:12:51.592,person,0.71,233,47,639,479
2026-08-22 00:12:51.656,person,0.71,233,47,639,479
2026-08-22 00:12:51.716,person,0.67,219,70,638,479
2026-08-22 00:12:51.781,person,0.71,232,22,639,479
2026-08-22 00:12:51.837,person,0.71,232,22,639,479
2026-08-22 00:12:51.905,person,0.77,217,69,638,478
2026-08-22 00:12:51.960,person,0.75,221,69,638,478
2026-08-22 00:12:52.029,person,0.72,221,68,638,479
2026-08-22 00:12:52.096,person,0.79,226,32,639,478
2026-08-22 00:12:52.150,person,0.77,228,15,638,478
2026-08-22 00:12:52.218,person,0.75,227,8,639,478
2026-08-22 00:12:52.279,person,0.75,227,8,639,478
2026-08-22 00:12:52.342,person,0.62,229,13,639,478
2026-08-22 00:12:52.405,person,0.78,234,34,639,478
2026-08-22 00:12:52.470,person,0.78,234,34,639,478
2026-08-22 00:12:52.525,person,0.74,231,29,639,479
2026-08-22 00:12:52.592,person,0.74,231,29,639,479
2026-08-22 00:12:52.658,person,0.69,210,72,639,478
2026-08-22 00:12:52.714,person,0.63,232,37,639,478
2026-08-22 00:12:52.764,person,0.68,226,18,639,478
2026-08-22 00:12:52.764,person,0.37,31,0,638,478
2026-08-22 00:12:52.823,person,0.64,230,34,639,478
2026-08-22 00:12:52.824,person,0.25,37,7,635,479
2026-08-22 00:12:52.888,person,0.64,230,34,639,478
2026-08-22 00:12:52.888,person,0.25,37,7,635,479
2026-08-22 00:12:52.949,person,0.68,226,17,640,478
2026-08-22 00:12:52.949,person,0.40,26,0,637,477
2026-08-22 00:12:53.018,person,0.68,226,17,640,478
2026-08-22 00:12:53.018,person,0.40,26,0,637,477
2026-08-22 00:12:53.079,person,0.74,226,12,638,478
2026-08-22 00:12:53.141,person,0.74,224,22,639,478
2026-08-22 00:12:53.141,tv,0.28,351,0,472,76
2026-08-22 00:12:53.204,person,0.74,224,22,639,478
2026-08-22 00:12:53.204,tv,0.28,351,0,472,76
2026-08-22 00:12:53.264,person,0.71,224,28,638,478
2026-08-22 00:12:53.331,person,0.68,223,10,638,477
2026-08-22 00:12:53.392,person,0.76,228,33,639,478
2026-08-22 00:12:53.460,person,0.75,227,32,639,478
2026-08-22 00:12:53.527,person,0.75,227,32,639,478
2026-08-22 00:12:53.591,person,0.75,223,63,639,478
2026-08-22 00:12:53.650,person,0.75,223,63,639,478
2026-08-22 00:12:53.711,person,0.75,225,61,639,478
2026-08-22 00:12:53.772,person,0.75,225,27,639,478
2026-08-22 00:12:53.834,person,0.75,225,27,639,478
2026-08-22 00:12:53.901,person,0.75,224,62,639,479
2026-08-22 00:12:53.957,person,0.72,224,37,638,478
2026-08-22 00:12:54.021,person,0.72,224,37,638,478
2026-08-22 00:12:54.087,person,0.72,220,66,638,479
2026-08-22 00:12:54.157,person,0.72,221,69,639,479
2026-08-22 00:12:54.210,person,0.72,221,69,639,479
2026-08-22 00:12:54.260,person,0.72,221,69,639,479
2026-08-22 00:12:54.319,person,0.68,217,35,639,478
2026-08-22 00:12:54.380,person,0.73,224,41,639,478
2026-08-22 00:12:54.447,person,0.73,224,41,639,478
2026-08-22 00:12:54.512,person,0.70,231,53,639,478
2026-08-22 00:12:54.578,person,0.76,227,39,640,478
2026-08-22 00:12:54.634,person,0.76,227,39,640,478
2026-08-22 00:12:54.692,person,0.81,231,55,639,478
2026-08-22 00:12:54.757,person,0.81,232,58,639,478
2026-08-22 00:12:54.815,person,0.81,233,57,639,478
2026-08-22 00:12:54.880,person,0.85,232,57,639,479
2026-08-22 00:12:54.936,person,0.84,231,62,639,478
2026-08-22 00:12:54.937,chair,0.27,233,311,365,479
2026-08-22 00:12:55.005,person,0.84,231,60,639,478
2026-08-22 00:12:55.067,person,0.84,231,60,639,478
2026-08-22 00:12:55.134,person,0.84,231,66,639,479
2026-08-22 00:12:55.190,person,0.84,231,66,639,479
2026-08-22 00:12:55.258,person,0.85,231,64,639,478
2026-08-22 00:12:55.319,person,0.85,231,50,639,478
2026-08-22 00:12:55.382,person,0.85,231,50,639,478
2026-08-22 00:12:55.439,person,0.84,232,54,639,478
2026-08-22 00:12:55.439,chair,0.28,234,313,366,478
2026-08-22 00:12:55.501,person,0.86,233,59,639,479
2026-08-22 00:12:55.501,chair,0.31,234,313,365,479
2026-08-22 00:12:55.566,person,0.89,232,64,638,478
2026-08-22 00:12:55.629,person,0.87,233,62,638,478
2026-08-22 00:12:55.695,person,0.87,233,62,638,478
2026-08-22 00:12:55.762,person,0.87,233,59,639,479
2026-08-22 00:12:55.826,person,0.87,233,59,639,479
2026-08-22 00:12:55.885,person,0.88,231,75,638,477
2026-08-22 00:12:55.942,person,0.86,231,77,639,477
2026-08-22 00:12:55.942,chair,0.26,232,313,358,480
2026-08-22 00:12:56.005,person,0.86,231,77,639,477
2026-08-22 00:12:56.005,chair,0.26,232,313,358,480
2026-08-22 00:12:56.070,person,0.86,233,73,638,478
2026-08-22 00:12:56.130,person,0.82,237,79,640,479
2026-08-22 00:12:56.187,person,0.80,233,62,638,478
2026-08-22 00:12:56.255,person,0.80,235,84,638,478
2026-08-22 00:12:56.312,person,0.80,235,84,638,478
2026-08-22 00:12:56.380,person,0.80,232,86,638,476
2026-08-22 00:12:56.438,person,0.80,232,86,638,476
2026-08-22 00:12:56.500,person,0.76,235,91,638,478
2026-08-22 00:12:56.568,person,0.84,231,86,638,477
2026-08-22 00:12:56.626,person,0.84,231,86,638,477
2026-08-22 00:12:56.690,person,0.73,233,69,638,479
2026-08-22 00:12:56.748,person,0.76,233,23,640,479
2026-08-22 00:12:56.799,person,0.76,233,23,640,479
2026-08-22 00:12:56.862,person,0.76,233,23,640,479
2026-08-22 00:12:56.929,person,0.83,234,23,639,478
2026-08-22 00:12:56.990,person,0.82,234,48,639,479
2026-08-22 00:12:57.051,person,0.82,234,48,639,479
2026-08-22 00:12:57.115,person,0.80,234,46,639,479
2026-08-22 00:12:57.175,person,0.80,233,49,639,479
2026-08-22 00:12:57.238,person,0.80,233,49,639,479
2026-08-22 00:12:57.303,person,0.67,212,53,638,479
2026-08-22 00:12:57.303,cell phone,0.39,486,219,549,284
2026-08-22 00:12:57.303,chair,0.36,232,309,381,476
2026-08-22 00:12:57.376,person,0.68,224,55,637,479
2026-08-22 00:12:57.376,cell phone,0.33,498,220,550,284
2026-08-22 00:12:57.376,chair,0.30,233,308,381,476
2026-08-22 00:12:57.424,person,0.68,224,55,637,479
2026-08-22 00:12:57.424,cell phone,0.33,498,220,550,284
2026-08-22 00:12:57.424,chair,0.30,233,308,381,476
2026-08-22 00:12:57.477,person,0.68,227,60,638,479
2026-08-22 00:12:57.477,chair,0.35,232,310,379,476
2026-08-22 00:12:57.477,cell phone,0.26,502,223,551,287
2026-08-22 00:12:57.540,person,0.73,229,55,634,479
2026-08-22 00:12:57.608,person,0.70,225,54,611,479
2026-08-22 00:12:57.659,person,0.71,227,46,635,478
2026-08-22 00:12:57.727,person,0.71,227,46,635,478
2026-08-22 00:12:57.797,person,0.74,215,43,638,478
2026-08-22 00:12:57.853,person,0.75,222,42,638,478
2026-08-22 00:12:57.907,person,0.74,224,52,638,478
2026-08-22 00:12:57.963,person,0.74,224,52,638,478
2026-08-22 00:12:58.033,person,0.75,230,56,639,478
2026-08-22 00:12:58.093,person,0.78,219,63,638,479
2026-08-22 00:12:58.151,person,0.78,219,63,638,479
2026-08-22 00:12:58.219,person,0.80,232,48,639,479
2026-08-22 00:12:58.287,person,0.80,232,48,639,479
2026-08-22 00:12:58.350,person,0.77,232,52,639,479
2026-08-22 00:12:58.406,person,0.77,232,52,639,479
2026-08-22 00:12:58.469,person,0.78,220,61,638,479
2026-08-22 00:12:58.525,person,0.77,233,55,639,479
2026-08-22 00:12:58.525,chair,0.27,232,310,378,478
2026-08-22 00:12:58.583,person,0.77,233,55,639,479
2026-08-22 00:12:58.583,chair,0.27,232,310,378,478
2026-08-22 00:12:58.647,person,0.81,233,58,639,479
2026-08-22 00:12:58.712,person,0.81,237,58,639,479
2026-08-22 00:12:58.779,person,0.81,237,58,639,479
2026-08-22 00:12:58.855,person,0.79,233,54,639,479
2026-08-22 00:12:58.916,person,0.79,233,54,639,479
2026-08-22 00:12:58.980,person,0.71,228,26,638,478
2026-08-22 00:12:59.038,person,0.65,226,44,638,478
2026-08-22 00:12:59.038,person,0.39,57,56,635,478
2026-08-22 00:12:59.101,person,0.61,226,16,636,478
2026-08-22 00:12:59.159,person,0.52,230,55,636,478
2026-08-22 00:12:59.219,person,0.52,230,55,636,478
2026-08-22 00:12:59.283,person,0.64,54,27,633,478
2026-08-22 00:12:59.346,person,0.61,56,0,636,479
2026-08-22 00:12:59.346,person,0.48,153,65,590,478
2026-08-22 00:12:59.405,person,0.61,56,0,636,479
2026-08-22 00:12:59.405,person,0.48,153,65,590,478
2026-08-22 00:12:59.471,person,0.77,51,14,608,478
2026-08-22 00:12:59.535,person,0.77,51,14,608,478
2026-08-22 00:12:59.599,person,0.78,31,19,596,479
2026-08-22 00:12:59.599,person,0.32,57,26,449,479
2026-08-22 00:12:59.659,person,0.78,31,19,596,479
2026-08-22 00:12:59.659,person,0.32,57,26,449,479
2026-08-22 00:12:59.714,person,0.61,52,0,476,476
2026-08-22 00:12:59.786,person,0.64,23,13,589,479
2026-08-22 00:12:59.786,person,0.38,57,3,446,478
2026-08-22 00:12:59.846,person,0.64,23,13,589,479
2026-08-22 00:12:59.846,person,0.38,57,3,446,478
2026-08-22 00:12:59.910,person,0.49,12,9,622,479
2026-08-22 00:12:59.910,person,0.31,58,3,426,477
2026-08-22 00:12:59.977,person,0.56,55,1,421,477
2026-08-22 00:12:59.977,person,0.49,28,7,621,479
2026-08-22 00:13:00.044,person,0.56,55,1,421,477
2026-08-22 00:13:00.044,person,0.49,28,7,621,479
2026-08-22 00:13:00.111,person,0.40,63,122,579,479
2026-08-22 00:13:00.170,person,0.40,63,122,579,479
2026-08-22 00:13:00.234,person,0.33,46,122,598,479
2026-08-22 00:13:00.295,person,0.52,29,9,574,479
2026-08-22 00:13:00.351,person,0.28,25,0,569,480
2026-08-22 00:13:00.351,person,0.25,40,125,591,479
2026-08-22 00:13:00.408,person,0.71,26,0,586,480
2026-08-22 00:13:00.464,person,0.73,23,0,567,479
2026-08-22 00:13:00.533,person,0.73,23,0,567,479
2026-08-22 00:13:00.595,person,0.69,24,0,582,480
2026-08-22 00:13:00.904,person,0.62,33,10,558,479
2026-08-22 00:13:01.008,person,0.82,31,3,567,479
2026-08-22 00:13:01.077,person,0.81,53,43,627,479
2026-08-22 00:13:01.139,person,0.79,59,47,616,479
2026-08-22 00:13:01.203,person,0.76,76,72,634,479
2026-08-22 00:13:01.266,person,0.76,76,72,634,479
2026-08-22 00:13:01.330,person,0.77,55,89,622,479
2026-08-22 00:13:01.402,person,0.74,52,58,633,479
2026-08-22 00:13:01.472,person,0.74,52,58,633,479
2026-08-22 00:13:01.554,person,0.77,105,85,634,479
2026-08-22 00:13:01.617,person,0.77,86,67,634,479
2026-08-22 00:13:01.683,person,0.77,86,67,634,479
2026-08-22 00:13:01.742,person,0.75,43,0,621,477
2026-08-22 00:13:01.805,person,0.74,45,71,627,479
2026-08-22 00:13:01.873,person,0.73,37,26,618,479
2026-08-22 00:13:01.945,person,0.70,36,45,617,479
2026-08-22 00:13:02.019,person,0.70,36,45,617,479
2026-08-22 00:13:02.091,person,0.77,58,23,640,479
2026-08-22 00:13:02.091,person,0.33,148,91,611,479
2026-08-22 00:13:02.157,person,0.73,21,12,625,479
2026-08-22 00:13:02.157,person,0.27,144,69,623,479
2026-08-22 00:13:02.229,person,0.73,21,12,625,479
2026-08-22 00:13:02.229,person,0.27,144,69,623,479
2026-08-22 00:13:02.294,person,0.71,21,46,603,479
2026-08-22 00:13:02.356,person,0.70,18,54,587,479
2026-08-22 00:13:02.419,person,0.70,18,54,587,479
2026-08-22 00:13:02.481,person,0.70,18,54,587,479
2026-08-22 00:13:02.777,person,0.74,26,5,629,477
2026-08-22 00:13:02.777,person,0.27,145,66,617,479
2026-08-22 00:13:02.893,person,0.72,30,15,612,479
2026-08-22 00:13:02.948,person,0.75,30,1,631,478
2026-08-22 00:13:03.004,person,0.75,30,1,631,478
2026-08-22 00:13:03.075,person,0.75,37,79,578,479
2026-08-22 00:13:03.134,person,0.81,45,27,616,479
2026-08-22 00:13:03.192,person,0.81,45,27,616,479
2026-08-22 00:13:03.261,person,0.90,45,26,608,479
2026-08-22 00:13:03.331,person,0.83,43,9,612,479
2026-08-22 00:13:03.332,toothbrush,0.27,180,405,278,467
2026-08-22 00:13:03.388,person,0.83,43,9,612,479
2026-08-22 00:13:03.388,toothbrush,0.27,180,405,278,467
2026-08-22 00:13:03.440,person,0.83,43,9,612,479
2026-08-22 00:13:03.440,toothbrush,0.27,180,405,278,467
2026-08-22 00:13:03.507,person,0.88,41,7,619,479
2026-08-22 00:13:03.573,person,0.91,43,0,626,479
2026-08-22 00:13:03.623,person,0.91,43,0,626,479
2026-08-22 00:13:03.907,person,0.88,48,0,626,478
2026-08-22 00:13:04.008,person,0.85,43,8,623,477
2026-08-22 00:13:04.070,person,0.82,50,12,617,478
2026-08-22 00:13:04.136,person,0.84,56,66,634,479
2026-08-22 00:13:04.198,person,0.84,56,66,634,479
2026-08-22 00:13:04.260,person,0.81,59,57,608,479
2026-08-22 00:13:04.321,person,0.83,56,63,610,479
2026-08-22 00:13:04.381,person,0.83,56,63,610,479
2026-08-22 00:13:04.444,person,0.77,56,72,629,479
2026-08-22 00:13:04.444,person,0.27,208,88,611,478
2026-08-22 00:13:04.512,person,0.77,56,72,629,479
2026-08-22 00:13:04.512,person,0.27,208,88,611,478
2026-08-22 00:13:04.835,person,0.76,61,11,604,479
2026-08-22 00:13:04.935,person,0.78,54,9,623,479
2026-08-22 00:13:04.997,person,0.78,54,9,623,479
2026-08-22 00:13:05.068,person,0.77,57,0,628,479
2026-08-22 00:13:05.068,person,0.29,212,57,625,477
2026-08-22 00:13:05.141,person,0.76,58,13,627,479
2026-08-22 00:13:05.141,person,0.30,219,55,624,477
2026-08-22 00:13:05.217,person,0.74,53,5,628,479
2026-08-22 00:13:05.217,person,0.33,209,59,618,478
2026-08-22 00:13:05.281,person,0.80,58,4,630,479
2026-08-22 00:13:05.281,person,0.26,199,57,622,478
2026-08-22 00:13:05.360,person,0.78,58,47,621,479
2026-08-22 00:13:05.429,person,0.63,61,7,616,479
2026-08-22 00:13:05.429,person,0.41,181,55,629,478
2026-08-22 00:13:05.487,person,0.76,50,30,627,479
2026-08-22 00:13:05.487,person,0.33,210,56,622,478
2026-08-22 00:13:05.553,person,0.76,50,30,627,479
2026-08-22 00:13:05.553,person,0.33,210,56,622,478
2026-08-22 00:13:05.622,person,0.68,51,41,608,479
2026-08-22 00:13:05.699,person,0.73,56,30,625,479
2026-08-22 00:13:05.699,person,0.30,214,60,609,477
2026-08-22 00:13:05.780,person,0.73,56,30,625,479
2026-08-22 00:13:05.780,person,0.30,214,60,609,477
2026-08-22 00:13:05.857,person,0.66,54,71,624,479
2026-08-22 00:13:05.930,person,0.65,53,26,617,479
2026-08-22 00:13:05.931,person,0.34,210,61,610,478
2026-08-22 00:13:06.004,person,0.60,53,54,622,479
2026-08-22 00:13:06.004,person,0.32,220,61,608,478
2026-08-22 00:13:06.064,person,0.68,52,19,605,479
2026-08-22 00:13:06.064,person,0.33,215,63,608,478
2026-08-22 00:13:06.129,person,0.61,46,20,607,479
2026-08-22 00:13:06.129,person,0.46,216,71,634,478
2026-08-22 00:13:06.186,person,0.70,48,13,615,479
2026-08-22 00:13:06.186,person,0.42,210,66,633,478
2026-08-22 00:13:06.244,person,0.50,52,21,605,479
2026-08-22 00:13:06.244,person,0.48,216,66,634,478
2026-08-22 00:13:06.310,person,0.50,52,21,605,479
2026-08-22 00:13:06.310,person,0.48,216,66,634,478
2026-08-22 00:13:06.376,person,0.62,214,64,631,478
2026-08-22 00:13:06.376,person,0.40,60,43,588,479
2026-08-22 00:13:06.431,person,0.56,217,66,630,478
2026-08-22 00:13:06.431,person,0.41,57,35,608,479
2026-08-22 00:13:06.500,person,0.56,217,66,630,478
2026-08-22 00:13:06.500,person,0.41,57,35,608,479
2026-08-22 00:13:06.566,person,0.66,211,67,632,478
2026-08-22 00:13:06.649,person,0.53,212,65,631,478
2026-08-22 00:13:06.649,person,0.47,52,29,618,479
2026-08-22 00:13:06.731,person,0.64,212,64,634,478
2026-08-22 00:13:06.731,person,0.46,59,97,591,479
2026-08-22 00:13:06.804,person,0.56,208,23,607,479
2026-08-22 00:13:06.804,person,0.43,58,90,582,479
2026-08-22 00:13:06.878,person,0.56,208,23,607,479
2026-08-22 00:13:06.878,person,0.43,58,90,582,479
2026-08-22 00:13:06.954,person,0.57,217,21,620,479
2026-08-22 00:13:06.954,person,0.40,58,75,588,479
2026-08-22 00:13:07.017,person,0.58,144,58,600,477
2026-08-22 00:13:07.085,person,0.58,144,58,600,477
2026-08-22 00:13:07.156,person,0.55,210,43,605,478
2026-08-22 00:13:07.157,person,0.48,60,64,589,479
2026-08-22 00:13:07.226,person,0.60,216,44,605,478
2026-08-22 00:13:07.226,person,0.36,61,62,594,479
2026-08-22 00:13:07.306,person,0.60,216,44,605,478
2026-08-22 00:13:07.306,person,0.36,61,62,594,479
2026-08-22 00:13:07.378,person,0.57,198,38,606,478
2026-08-22 00:13:07.378,person,0.42,59,57,589,479
2026-08-22 00:13:07.439,person,0.58,215,31,612,479
2026-08-22 00:13:07.439,person,0.41,62,83,593,479
2026-08-22 00:13:07.496,person,0.55,217,32,608,479
2026-08-22 00:13:07.496,person,0.42,64,49,592,479
2026-08-22 00:13:07.571,person,0.57,207,27,597,478
2026-08-22 00:13:07.572,person,0.52,64,63,585,479
2026-08-22 00:13:07.635,person,0.57,207,27,597,478
2026-08-22 00:13:07.635,person,0.52,64,63,585,479
2026-08-22 00:13:07.711,person,0.59,61,60,590,479
2026-08-22 00:13:07.711,person,0.48,214,31,610,478
2026-08-22 00:13:07.780,person,0.56,63,55,599,479
2026-08-22 00:13:07.780,person,0.51,217,35,618,479
2026-08-22 00:13:07.846,person,0.56,63,55,599,479
2026-08-22 00:13:07.847,person,0.51,217,35,618,479
2026-08-22 00:13:07.925,person,0.68,210,46,622,479
2026-08-22 00:13:08.002,person,0.71,219,59,626,478
2026-08-22 00:13:08.067,person,0.71,219,59,626,478
2026-08-22 00:13:08.143,person,0.70,225,51,628,479
2026-08-22 00:13:08.226,person,0.68,223,55,598,479
2026-08-22 00:13:08.294,person,0.76,226,44,612,479
2026-08-22 00:13:08.351,person,0.72,225,44,605,479
2026-08-22 00:13:08.417,person,0.72,225,44,605,479
2026-08-22 00:13:08.481,person,0.73,221,67,625,478
2026-08-22 00:13:08.548,person,0.68,217,66,630,478
2026-08-22 00:13:08.614,person,0.68,217,66,630,478
2026-08-22 00:13:08.684,person,0.60,63,50,592,479
2026-08-22 00:13:08.743,person,0.56,54,51,600,478
2026-08-22 00:13:08.743,person,0.42,214,52,607,478
2026-08-22 00:13:08.808,person,0.56,54,51,600,478
2026-08-22 00:13:08.808,person,0.42,214,52,607,478
2026-08-22 00:13:08.870,person,0.59,60,62,587,478
2026-08-22 00:13:08.870,person,0.47,221,53,594,479
2026-08-22 00:13:08.932,person,0.57,49,50,592,479
2026-08-22 00:13:08.932,person,0.45,216,51,603,479
2026-08-22 00:13:08.998,person,0.57,49,50,592,479
2026-08-22 00:13:08.998,person,0.45,216,51,603,479
2026-08-22 00:13:09.060,person,0.57,49,50,592,479
2026-08-22 00:13:09.060,person,0.45,216,51,603,479
2026-08-22 00:13:09.121,person,0.60,53,51,586,478
2026-08-22 00:13:09.121,person,0.42,218,52,602,478
2026-08-22 00:13:09.185,person,0.73,66,40,601,478
2026-08-22 00:13:09.185,person,0.26,205,59,592,477
2026-08-22 00:13:09.249,person,0.73,66,40,601,478
2026-08-22 00:13:09.250,person,0.26,205,59,592,477
2026-08-22 00:13:09.307,person,0.63,57,42,606,478
2026-08-22 00:13:09.308,person,0.39,195,63,601,477
2026-08-22 00:13:09.373,person,0.64,58,46,606,478
2026-08-22 00:13:09.373,person,0.30,209,59,593,476
2026-08-22 00:13:09.433,person,0.64,58,46,606,478
2026-08-22 00:13:09.433,person,0.30,209,59,593,476
2026-08-22 00:13:09.495,person,0.59,59,48,610,478
2026-08-22 00:13:09.495,person,0.35,202,64,604,477
2026-08-22 00:13:09.556,person,0.59,59,48,610,478
2026-08-22 00:13:09.556,person,0.35,202,64,604,477
2026-08-22 00:13:09.635,person,0.53,55,50,609,478
2026-08-22 00:13:09.635,person,0.36,205,64,607,477
2026-08-22 00:13:09.701,person,0.53,55,50,609,478
2026-08-22 00:13:09.702,person,0.36,205,64,607,477
2026-08-22 00:13:09.764,person,0.51,56,49,605,478
2026-08-22 00:13:09.764,person,0.42,214,66,597,476
2026-08-22 00:13:09.829,person,0.55,122,63,592,475
2026-08-22 00:13:09.888,person,0.55,122,63,592,475
2026-08-22 00:13:09.954,person,0.52,133,63,590,476
2026-08-22 00:13:10.029,person,0.55,160,65,587,475
2026-08-22 00:13:10.091,person,0.55,160,65,587,475
2026-08-22 00:13:10.159,person,0.54,119,64,585,475
2026-08-22 00:13:10.227,person,0.53,147,64,579,475
2026-08-22 00:13:10.291,person,0.54,154,63,581,476
2026-08-22 00:13:10.353,person,0.52,158,63,585,475
2026-08-22 00:13:10.419,person,0.52,158,63,585,475
2026-08-22 00:13:10.477,person,0.59,158,61,596,476
2026-08-22 00:13:10.542,person,0.59,160,63,597,475
2026-08-22 00:13:10.603,person,0.59,160,63,597,475
2026-08-22 00:13:10.674,person,0.59,177,62,594,475
2026-08-22 00:13:10.787,person,0.59,177,62,594,475
2026-08-22 00:13:10.847,person,0.59,204,62,598,475
2026-08-22 00:13:10.847,person,0.28,58,49,608,478
2026-08-22 00:13:10.904,person,0.60,218,53,593,478
2026-08-22 00:13:10.904,person,0.34,60,53,596,478
2026-08-22 00:13:10.969,person,0.58,220,54,598,478
2026-08-22 00:13:10.970,person,0.29,57,54,605,478
2026-08-22 00:13:11.032,person,0.54,218,52,598,478
2026-08-22 00:13:11.032,person,0.44,54,52,604,478
2026-08-22 00:13:11.092,person,0.60,179,61,592,476
2026-08-22 00:13:11.092,person,0.30,57,22,595,478
2026-08-22 00:13:11.157,person,0.60,179,61,592,476
2026-08-22 00:13:11.158,person,0.30,57,22,595,478
2026-08-22 00:13:11.225,person,0.55,215,44,605,478
2026-08-22 00:13:11.225,person,0.42,50,45,610,478
2026-08-22 00:13:11.289,person,0.55,215,44,605,478
2026-08-22 00:13:11.290,person,0.42,50,45,610,478
2026-08-22 00:13:11.359,person,0.61,219,48,605,478
2026-08-22 00:13:11.439,person,0.56,217,47,608,478
2026-08-22 00:13:11.439,person,0.35,52,49,611,478
2026-08-22 00:13:11.517,person,0.56,217,47,608,478
2026-08-22 00:13:11.518,person,0.35,52,49,611,478
2026-08-22 00:13:11.594,person,0.60,219,47,602,478
2026-08-22 00:13:11.670,person,0.59,218,49,609,478
2026-08-22 00:13:11.750,person,0.59,218,49,609,478
2026-08-22 00:13:11.812,person,0.60,222,51,600,478
2026-08-22 00:13:11.886,person,0.58,183,62,596,476
2026-08-22 00:13:11.957,person,0.58,183,62,596,476
2026-08-22 00:13:12.024,person,0.55,177,61,609,476
2026-08-22 00:13:12.096,person,0.56,53,48,604,478
2026-08-22 00:13:12.096,person,0.32,213,59,596,477
2026-08-22 00:13:12.163,person,0.56,53,48,604,478
2026-08-22 00:13:12.163,person,0.32,213,59,596,477
2026-08-22 00:13:12.220,person,0.55,136,60,595,476
2026-08-22 00:13:12.282,person,0.55,136,60,595,476
2026-08-22 00:13:12.347,person,0.61,58,33,604,478
2026-08-22 00:13:12.347,person,0.43,212,44,605,478
2026-08-22 00:13:12.404,person,0.61,58,33,604,478
2026-08-22 00:13:12.404,person,0.43,212,44,605,478
2026-08-22 00:13:12.468,person,0.53,221,46,605,478
2026-08-22 00:13:12.468,person,0.35,62,42,603,478
2026-08-22 00:13:12.528,person,0.51,219,50,608,478
2026-08-22 00:13:12.528,person,0.40,65,67,596,478
2026-08-22 00:13:12.597,person,0.51,219,50,608,478
2026-08-22 00:13:12.598,person,0.40,65,67,596,478
